OTU_ID,Indicator taxa,host,stat,p.value,Mimon crenulatum,Phyllostomus hastatus,Phyllostomus discolor
GAATTGAAACCTGGTAAAGGCGGACAATTGGTTCGTTCAGCTGGTGCTTCAGCTCAAGTA,*(P) Bacillota; (C) Bacilli*,Mimon crenulatum,0.994,0.039,**0.652**,0,0.005
AACACAATCGTTATGATCACAGACGTTCATGGTAACGCCCTTGCTTGGTCATCAGCTGGT,*(P) Bacillota; (G) Lactococcus*,Mimon crenulatum,0.99,0.039,**0.591**,0.003,0
GAACAAATCGCAGTTAAAGAAGCTAAAACTTTGGGAATCCCAGTTGTAGCAATGGTTGAC,*(P) Bacillota; (S) Lactococcus lactis*,Mimon crenulatum,0.997,0.039,**0.546**,0.005,0.005
ATGTTCGAATTCTTGGACAAATTGGTTACTGTTTCACTCCCACGTGTACGTGACTTCCAC,*(P) Bacillota; (C) Bacilli*,Mimon crenulatum,0.994,0.039,**0.538**,0.003,0.003
GTTGATGTTACCGGAACTTCTAAAGGTAAAGGTTTCCAAGGCCCAATCAAACGTCATGGT,*(P) Bacillota; (G) Lactococcus*,Mimon crenulatum,0.988,0.039,**0.534**,0,0
AAAATTTTCCCTCACAAATCATACACAGCCAAAGCTATTGGTGTGCGTATGGGTTCAGGG,*(P) Bacillota; (S) Lactococcus lactis*,Mimon crenulatum,0.959,0.039,**0.526**,0,0.003
GAAACTGAACGTGCAATTAACAAAGTTATCGTAACTTTGCACACTGCTAAACCAGGTATG,*(P) Bacillota; (S) Lactococcus lactis*,Mimon crenulatum,0.996,0.039,**0.526**,0,0.005
CGTGGAGTAGCAACTCGTGTTGGTACTATGACTCCTAAAAAACCTAACTCAGCGCTTCGT,*(P) Bacillota; (G) Lactococcus*,Mimon crenulatum,0.975,0.039,**0.522**,0,0
ATTCCACTTCCAACTGACCGTAGCGTCTACACTGTTATCCGCGCGACTCACAAATACAAA,*(P) Bacillota; (G) Lactococcus*,Mimon crenulatum,0.996,0.039,**0.517**,0.003,0.003
CGTGTTCTCGTTTTCGCTAAAGGTGCGAAAGCTGAAGAAGCTACAGCAGCTGGTGCAGAC,*(P) Bacillota; (S) Lactococcus lactis*,Mimon crenulatum,0.982,0.039,**0.513**,0,0
AGCAAAGAAGCCGTTGGTCAAACAGCAGCTTACATCCGTAGCCGTCGTTCTCCAGAACCT,*(P) Bacillota; (S) Lactococcus lactis*,Mimon crenulatum,0.993,0.039,**0.489**,0,0
GAAACATTTATTAATGAAGGTCCAACAATGAAACGTTTCCGTCCACGTGCCAAAGGTTCA,*(P) Bacillota; (S) Lactococcus lactis*,Mimon crenulatum,0.973,0.039,**0.485**,0.003,0
GCAGCAGAACTTCTTCGTGAAAAAGGGATTGCGAAAGCAGCTAAAAAAGCTGATCGTGTA,*(P) Bacillota; (S) Lactococcus lactis*,Mimon crenulatum,0.993,0.039,**0.477**,0.003,0
TATCAAGTCCCAGTTGAAGTTCGTCCAGAACGTCGTACAACTCTTGGACTTCGTTGGTTG,*(P) Bacillota; (G) Lactococcus*,Mimon crenulatum,0.997,0.039,**0.46**,0.005,0
GCAGCAGTGCTCATCCGTGACGATAAAACTCCTCGCGGAACACGTATCTTTGGCCCAGTT,*(P) Bacillota; (G) Lactococcus*,Mimon crenulatum,0.994,0.039,**0.448**,0,0.005
GGTGCTGGAGTTGCCGCAGGTGGTGCCGTTCGTGCCGTCCTCGAACTCGCTGGTGTTGCT,*(P) Bacillota; (C) Bacilli*,Mimon crenulatum,0.991,0.039,**0.448**,0,0
AAAGTACGTAATCGCGTAGGTCGTGGTACATCATCAGGTAACGGTAAAACATCTGGACGT,*(P) Bacillota; (G) Lactococcus*,Mimon crenulatum,0.994,0.039,**0.448**,0.003,0
GCACGTCAATTCGTAAACCACGGACATATCCTTGTTGACGGAAAACGCGTTGATATCCCA,*(P) Bacillota; (S) Lactococcus lactis*,Mimon crenulatum,1,0.039,**0.428**,0,0
TTTCATCAATTTGGTGTAGAGTGTTTAGGAGTGAAAAATCCAGCAGTTGATGTAGAAATT,*(P) Bacillota; (S) Lactococcus lactis*,Mimon crenulatum,0.969,0.039,**0.412**,0.003,0.003
TATGTTTTGATTGATACTGCAGGTCGTCTTGAAATTGACGACACTTTAATGAACGAATTG,*(P) Bacillota; (S) Lactococcus lactis*,Mimon crenulatum,1,0.039,**0.407**,0,0.003
CGTGCTAAAGTCATCGTTCAAAGTCATGATGAAAATGTTGATGCAATTGGTACAATGGTT,*(P) Bacillota; (S) Lactococcus lactis*,Mimon crenulatum,0.992,0.039,**0.391**,0,0
CGTTCTGAAGCTGGTTCTGCTGGTCGTGATACTCGTGGTTTGATTCGTTTGCACCAATTC,*(P) Bacillota; (F) Streptococcaceae*,Mimon crenulatum,0.956,0.039,**0.391**,0,0
CCTGCCGGTAAAGCAACACCAGCTCCACCAGTTGGACCAGCTTTGGGTCAAGCAGGTGTT,*(P) Bacillota; (S) Lactococcus lactis*,Mimon crenulatum,0.97,0.039,**0.387**,0,0.008
AAAAATCGTTCTGCTGTGTCTGGTGGTGGTAAAAAACCATGGCGTCAAAAAGGTACAGGT,*(P) Bacillota; (S) Lactococcus lactis*,Mimon crenulatum,0.936,0.039,**0.387**,0.003,0
GGTGCATTCGTTGACCTTGGTGGTATC---------GACGGATTGGTTCACGTTTCTGAA,*(P) Bacillota; (G) Lactococcus*,Mimon crenulatum,0.954,0.039,**0.383**,0,0
GAAGTGGAAACGGACCATTATAATTTTGAGCGAATGAATCTTCCAAAAGATCATCCAGCT,*(P) Bacillota; (S) Lactococcus lactis*,Mimon crenulatum,0.997,0.039,**0.367**,0.003,0
TTACGTTTTGACTTTACGCACTTTGCACAAGTGACTAAAGAAGAATTGGCTGAGATTGAA,*(P) Bacillota; (G) Lactococcus*,Mimon crenulatum,0.994,0.039,**0.359**,0,0
GGTGGTGGTGTATCAGGTCAAGCAGGAGCTATCCGTCACGGAATCGCTCGTGCATTGCTC,*(P) Bacillota; (G) Lactococcus*,Mimon crenulatum,0.73,0.039,**0.346**,0,0
CGTCAAAAGAAACGCGACTTCCGTAAATTATGGATTGCACGTATCAACGCAGCTGCACGT,*(P) Bacillota; (S) Lactococcus lactis*,Mimon crenulatum,0.996,0.039,**0.334**,0.003,0.003
ATTAACACTGTTGCTGATATTGTTGAAATGAGCGAAGCTGACATGATTAAAGTCAAAAAC,*(P) Bacillota; (G) Lactococcus*,Mimon crenulatum,0.997,0.039,**0.33**,0.003,0
TGGTCACGCCGTTCTACAATCTTTCCGAACTTTGTAGGACTTACAATTGCTGTTTACGAT,*(P) Bacillota; (S) Lactococcus cremoris*,Mimon crenulatum,0.72,0.039,**0.306**,0,0
GGTGCCTTTGTTGAACTT------TATCCAGGTGTTGAAGGACTTGTTCACGTTTCACAA,*(P) Bacillota; (S) Lactococcus nasutitermitis*,Mimon crenulatum,0.933,0.039,**0.285**,0,0
CGAACATTAGCAGTAGATTTAGCAGAGCAACTTGGTTATGCAGGACATATGTCAAAATTG,*(P) Bacillota; (S) Lactococcus lactis*,Mimon crenulatum,0.999,0.039,**0.261**,0.003,0
CCAAAATCAGCTCTAGCCATCATTGCGGCGGCTGATAACGAAGGTTTAATCACTGCTATT,*(P) Bacillota; (S) Lactococcus lactis*,Mimon crenulatum,0.713,0.039,**0.249**,0,0
AACACAATGATTACAATTACCGATGCTCAAGGCAATGCAATTGCATGGTCTTCAGCCGGT,*(P) Pseudomonadota; (G) HY038*,Mimon crenulatum,0.658,0.039,**0.249**,0,0
GAGTTGAAACCAGGTCGTGGTGGTGAATTGGTCCGTGCTGCAGGAGCTTCTGCCCAAGTA,*(P) Bacillota; (G) Streptococcus*,Mimon crenulatum,0.987,0.039,**0.244**,0,0
CCTGCCGGTAAAGCGACTCCAGCTCCACCCGTTGGACCTGCACTTGGTCAAGCCGGAATC,*(P) Bacillota; (O) Lactobacillales*,Mimon crenulatum,0.999,0.039,**0.244**,0,0
TGGTCACGCCGTTCTACAATCTTCCCGAACTTTGTAGGACTTACAATTGCTGTTTACGAT,*(P) Bacillota; (G) Lactococcus*,Mimon crenulatum,0.775,0.039,**0.24**,0.003,0
ATTGGCGATGATTCAGGACTTTGTGTTGATGTCCTTGGTGGTTTGCCTGGCATTTGGTCG,*(P) Bacillota; (S) Lactococcus lactis*,Mimon crenulatum,0.965,0.039,**0.24**,0,0
ATGTACGAATTTTTGGATAAATTGGTATCTGTTTCCCTTCCACGTGTTCGTGACTTCCAC,*(P) Bacillota; (G) Streptococcus*,Mimon crenulatum,0.978,0.039,**0.236**,0,0
GGTGGTGGTGTATCAGGTCAAGCAGGAGCTATCCGTCACGGAATTGCTCGTGCATTGCTC,*(P) Bacillota; (G) Lactococcus*,Mimon crenulatum,0.689,0.039,**0.232**,0,0
CCAAAATCAGCTCTGGCCATCATTGCGGCGGCTGATAACGAAGGTTTAATCACTGCTATT,*(P) Bacillota; (S) Lactococcus lactis*,Mimon crenulatum,0.823,0.039,**0.224**,0,0
CACGTTCGTAACCGTGTTGGTCGTGGTACCTCATCAGGGAATGGTAAGACTTCAGGTCGT,*(P) Bacillota; (G) Enterococcus_B*,Mimon crenulatum,0.965,0.039,**0.22**,0,0
CGTGGAGTAGCAACTCGTGTCGGAACAATGACTCCGAAGAAGCCTAACTCAGCCTTGCGT,*(P) Bacillota; (G) Streptococcus*,Mimon crenulatum,0.936,0.039,**0.212**,0,0
GTTGACGTCACAGGAACTTCAAAAGGGAAAGGTTTCCAAGGGGTTATCAAACGCCATGGA,*(P) Bacillota; (G) Streptococcus*,Mimon crenulatum,0.986,0.039,**0.208**,0,0
AAAATCTTCCCACAAAAATCATACACTGCAAAAGCAATCGGTGTACGGATGGGATCTGGT,*(P) Bacillota; (G) Streptococcus*,Mimon crenulatum,1,0.039,**0.208**,0,0
AAAGACCACGCAACTCAACGTGGTTTGATGAAAAAAATCGGTCACCGTCGTAACCTTCTT,*(P) Bacillota; (S) Lactococcus cremoris*,Mimon crenulatum,0.679,0.039,**0.208**,0,0
ATGTACGAATTTTTGGATAAATTGGTATCTGTTTCCCTTCCACGTGTCCGTGACTTCCAC,*(P) Bacillota; (S) Streptococcus sobrinus*,Mimon crenulatum,0.926,0.039,**0.208**,0,0
CTTGGTGGTGTTATGGGTGGCGCTGATAGTGAAATTACTGACGAAACAACAAGTGTTGCC,*(P) Bacillota; (S) Lactococcus lactis*,Mimon crenulatum,0.874,0.039,**0.208**,0.003,0
GAAGCTTTCGCAAACGAAGGACCAACAATCAAACGTTTCCGTCCACGTGCAAAAGGTTCT,*(P) Bacillota; (G) Streptococcus*,Mimon crenulatum,0.951,0.039,**0.2**,0,0
AATACGATTGTGATGATTACGGATGTGCATGGTAACGCTGTTGCGTGGTCATCTGCTGGT,*(P) Bacillota; (G) Streptococcus*,Mimon crenulatum,0.985,0.039,**0.2**,0,0
CTTGGTGGTGTTATGGGTGGCGCCGATAGTGAAATTACTGACGAAACAACAAGTGTTGCC,*(P) Bacillota; (S) Lactococcus lactis*,Mimon crenulatum,0.736,0.039,**0.196**,0,0
TACCAAGTCCCAGTTGAAGTTCGTCCAGAACGTCGGATTACCTTGGGTCTTCGTTGGTTG,*(P) Bacillota; (G) Streptococcus*,Mimon crenulatum,0.914,0.039,**0.192**,0,0
ATCAATACGGTTTATGATTTGACAGAAAAAACTGAGCCTGAGATGATGAAAGTACGGAAT,*(P) Bacillota; (G) Streptococcus*,Mimon crenulatum,0.961,0.039,**0.192**,0,0
GAAATTGAACGGGCAGTAAACAAAGTAAACGTGAGCCTTCATACTGCAAAACCAGGTATG,*(P) Bacillota; (G) Streptococcus*,Mimon crenulatum,0.961,0.039,**0.192**,0,0
AACACTATTGTGATGATTACCGATGTACATGGTAACGCACTTGCTTGGTCATCTGCTGGT,*(P) Bacillota; (G) Streptococcus*,Mimon crenulatum,0.974,0.039,**0.192**,0,0
ATTTCATTGGGAGATTTTGTTTTAACTGGTGGAGAAGTTGCAGCAACGGTGATGGTTGAT,*(P) Bacillota; (S) Lactococcus lactis*,Mimon crenulatum,0.761,0.039,**0.187**,0,0
AAGGACCACGCGACTTACCGTGGTTTGATGAAGAAAATCGGTCGCCGTCGTAACTTGTTG,*(P) Bacillota; (G) Streptococcus*,Mimon crenulatum,1,0.039,**0.183**,0,0
GGTGCATTTGTTGAAATCGAACCAGGT------ATTGAAGGTCTTATCCACGTTTCAGAA,*(P) Thermoproteota; (G) FEN-987*,Mimon crenulatum,0.667,0.039,**0.183**,0,0
AAAAATCGTTCTGCTGTATCTGGTGGTGGTAAAAAACCATGGCGTCAAAAAGGTACAGGT,*(P) Bacillota; (G) Lactococcus*,Mimon crenulatum,0.65,0.039,**0.183**,0,0
CAATTCGATGATAGTCAACGAGGTTTCTCTTACAAAAAAGAGGCAAGATTAGACATGCGG,*(P) Bacillota; (S) Lactococcus lactis*,Mimon crenulatum,0.705,0.039,**0.183**,0,0
ATTCCGCTTCCAACAGAACGTAGCCTCTACACAATCATTCGTGCGACTCACAAGTATAAA,*(P) Bacillota; (G) Streptococcus*,Mimon crenulatum,0.998,0.039,**0.179**,0,0
TTTTCAAAATTACCAGGGATTGGTCAAAAAACAGCGACTCGATTGGCTTTTTATACGATT,*(P) Bacillota; (S) Lactococcus lactis*,Mimon crenulatum,0.932,0.039,**0.179**,0,0
AAAAATCGTTCAGCAGTCGCAGGTGGCGGCCGCAAACCATGGCGTCAAAAAGGAACTGGA,*(P) Bacillota; (G) Streptococcus*,Mimon crenulatum,0.954,0.039,**0.175**,0,0
GCAGCAGTGATTATTCGTGAGGACAAGACTCCTCGTGGAACTCGTATCTTTGGCCCAGTT,*(P) Bacillota; (G) Streptococcus*,Mimon crenulatum,0.87,0.039,**0.167**,0,0
TGGTCACGTCGTTCAACGATTTTCCCAAGTTTTATCGGTTATACTATCGCAGTTTATGAT,*(P) Bacillota; (G) Streptococcus*,Mimon crenulatum,1,0.039,**0.159**,0,0
ATTTTACTTGTGGATACTGCAGGTCGTTTGCAAAATAAAGATAATTTGATGAAAGAGCTG,*(P) Bacillota; (S) Lactococcus lactis*,Mimon crenulatum,0.763,0.039,**0.159**,0,0
AAAGACCACGCAACTTACCGTGGTTTGATGAAAAAAATCGGTCGCCGTCGGAATTTGTTG,*(P) Bacillota; (G) Streptococcus*,Mimon crenulatum,0.992,0.039,**0.155**,0,0
AAAAACCGTGCTGCAGTATCTGGTGGCGGACGCAAACCATGGCGTCAAAAAGGAACTGGA,*(P) Bacillota; (G) Streptococcus*,Mimon crenulatum,0.982,0.039,**0.155**,0,0
CGTCAAAAGAAACGTGATTTCCGTAAATTGTGGATCACACGTATCAATGCAGCGGCTCGT,*(P) Bacillota; (S) Lysinibacillus sp026012395*,Mimon crenulatum,0.912,0.039,**0.155**,0,0
CAATTCGATGATAGTCAACGAGGTTTCTCTTATAAAAAAGAGGCAAGATTAGACATGCGG,*(P) Bacillota; (S) Lactococcus lactis*,Mimon crenulatum,0.763,0.039,**0.155**,0.003,0
AAAGACCACGCAACACAACGTGGTTTGATGAAAAAAATCGGTCACCGTCGTAACCTTCTT,*(P) Bacillota; (S) Lactococcus lactis*,Mimon crenulatum,0.818,0.039,**0.151**,0.003,0
GGAGCAGGAGTTGCTGCCGGTGGTGCTGTTCGTGCGGTCATTGAATTGGCAGGTATTGCG,*(P) Bacillota; (G) Streptococcus*,Mimon crenulatum,0.98,0.039,**0.147**,0,0
GAGCAAATCGCTGTAAAAGAAGCGAAAAAATTGGGTATCCCTGTTGTAGCGATGGTCGAT,*(P) Bacillota; (G) Streptococcus*,Mimon crenulatum,0.985,0.039,**0.143**,0,0
GGGGCTGGAGTTGCTGCCGGTGGTGCCGTTCGTGCGGTCATCGAGTTGGCAGGTGTAGCG,*(P) Bacillota; (G) Streptococcus*,Mimon crenulatum,0.971,0.039,**0.143**,0,0
ATTTTACTTGTGGATACTGCAGGACGTTTGCAAAATAAAGATAATTTGATGAAAGAGCTG,*(P) Bacillota; (S) Lactococcus lactis*,Mimon crenulatum,0.803,0.039,**0.143**,0.003,0
GGTGCTTTTGTAAATCTATTTGGTAAG------CAAGATGCAATGGTGCATATTTCTGAA,*(P) Bacillota; (G) Lactococcus*,Mimon crenulatum,0.985,0.039,**0.143**,0,0
GGTGCCTTTGTTGAACTT------TACCCAGGTGTTGAAGGACTTGTTCACGTTTCACAA,*(D) Archaea*,Mimon crenulatum,0.727,0.039,**0.143**,0,0
AAAATCTTCCCACAAAAATCCTACACAGCAAAAGCAATTGGTGTGCGGATGGGATCTGGT,*(P) Bacillota; (O) Lactobacillales*,Mimon crenulatum,0.977,0.039,**0.139**,0,0
ACTGTTTTAGTATTCGCTAAAGGCGATAAAGCAAAAGAAGCTGAAGCAGCTGGTGCAGAT,*(P) Bacillota; (S) Enterococcus_A alishanensis*,Mimon crenulatum,0.784,0.039,**0.139**,0,0
GATAAAGAAGTAGTTGGTGAAGTTGCAGCGAAAATTCGTGGCACTCGTCCACCAGAACCA,*(P) Bacillota; (S) Enterococcus_A alishanensis*,Mimon crenulatum,0.789,0.039,**0.134**,0,0
CGGACCAAGGTTGCGGTTCGTAGCCACAATCCAAACGTAGACGCCATCGGAACCATTGTC,*(P) Bacillota; (G) Streptococcus*,Mimon crenulatum,0.999,0.039,**0.134**,0,0
GAACAAATCGCGGTAAAAGAAGCGAAAAAATTGGGGATTCCAGTTGTCGCAATGGTCGAT,*(P) Bacillota; (G) Streptococcus*,Mimon crenulatum,0.988,0.039,**0.13**,0,0
ATCCACAACGCGAGCATCACAACGGCTATT---GGGTCGAGTGGCTTGGCAGGCTACAAC,*(D) Archaea*,Mimon crenulatum,0.736,0.039,**0.13**,0,0
GCACGCCAATTCGTAAACCACGGTCATATCTTGGTCGATGGCAAACGTGTTGATATCCCA,*(P) Halobacteriota; (C) Halobacteria*,Mimon crenulatum,0.853,0.039,**0.13**,0,0
TGGTCTCGTCGCTCAACAATTTTTCCTAATTTTGTAGGATTTACTATTGCTGTTTATGAC,*(P) Bacillota; (G) Enterococcus_A*,Mimon crenulatum,0.77,0.039,**0.126**,0,0
GGTGGTGGTTATGCAGGTCAATCAGGCGCAATCCGTCACGGAATTTCTCGTGCTCTACTT,*(P) Bacillota; (G) Streptococcus*,Mimon crenulatum,0.993,0.039,**0.126**,0,0
GCTCGTCAATTAGTAAACCACGGTCACGTGACTGTTGATGGCAAACGCGTAGATATCCCT,*(P) Bacillota; (S) Enterococcus_A alishanensis*,Mimon crenulatum,0.8,0.039,**0.126**,0,0
ATCAATACGGTTCAAGAATTAACTAACAAGTCTGAACCAGAAATGATCAAAGTTCGTAAC,*(P) Bacillota; (S) Enterococcus_A alishanensis*,Mimon crenulatum,0.711,0.039,**0.126**,0,0
GCGATTGAATTGCTTCGCGAAAAAGGAATGGCCAAGGCTGCGAAAAAGGCAGACCGTGTT,*(P) Bacillota; (G) Streptococcus*,Mimon crenulatum,0.999,0.039,**0.126**,0,0
CGTATTTTCCCAGATCTTCCGGTTACTTCTAAGCCAACCGAAGTTCGTATGGGTAAAGGT,*(P) Pseudomonadota; (G) HY038*,Mimon crenulatum,0.658,0.039,**0.122**,0,0
AATTATCAGATTGGTATTGAACTTTTTGGTGAATCAGCCGATAAGTCAGAATTAGAAATT,*(P) Bacillota; (S) Lactococcus lactis*,Mimon crenulatum,0.926,0.039,**0.122**,0,0
TTTCACCAAATTGGGGTTGAATGTTTTGGCTCGGCCAATCCTGCGACAGATGTTGAAACG,*(P) Bacillota; (G) Streptococcus*,Mimon crenulatum,0.992,0.039,**0.118**,0,0
GAGTTGAAACCAGGTCGTGGTGGAGAATTAGTCCGTGCGGCAGGAGCTTCTGCTCAAGTA,*(P) Bacillota; (G) Streptococcus*,Mimon crenulatum,0.996,0.039,**0.114**,0,0
GCTCGTCAATTCGTAAACCACGGCCACATCTTGGTTGATGGCAAACGCGTGGACATTCCA,*(P) Halobacteriota; (C) Halobacteria*,Mimon crenulatum,0.985,0.039,**0.114**,0,0
ATCAATACTGTTTATGATTTGACAGAAAAAACGGAACCTGAAATGATGAAAGTACGCAAT,*(P) Bacillota; (G) Streptococcus*,Mimon crenulatum,0.996,0.039,**0.114**,0,0
GAAGCATTCGCAAACGAAGGACCAACCATGAAACGGTTCCGTCCACGTGCGAAAGGTTCT,*(P) Bacillota; (O) Lactobacillales*,Mimon crenulatum,1,0.039,**0.114**,0,0
GGTTCTGGAGTTGCGGCTGGTGGACCAGTTCGTGCCGTACTAGAATTAGCAGGTGTTGCT,*(P) Bacillota; (S) Enterococcus_A alishanensis*,Mimon crenulatum,0.861,0.039,**0.11**,0,0
ATTCCGCTTCCAACAGAACGTAGCCTCTACACCATCATTCGTGCGACTCACAAGTATAAA,*(P) Bacillota; (G) Streptococcus*,Mimon crenulatum,0.999,0.039,**0.11**,0,0
AACACCATTGTTACTTTTACCATGCCCACTGGTGAGCCGCTGGCGAATGCGAGTGGTGGC,*(P) Chloroflexota; (G) UBA11996*,Mimon crenulatum,0.895,0.039,**0.11**,0,0
CGCGTTCTCGTTTTTGCCCGTGGTGCAAAGGCTGAAGAAGCAAAAGCAGCGGGCGCAGAT,*(P) Bacillota; (G) Streptococcus*,Mimon crenulatum,0.962,0.039,**0.106**,0,0
CGTCAAAAGAAACGCGACTTCCGCAAATTGTGGATCACTCGTATCAATGCGGCAGCTCGT,*(P) Bacillota; (S) Streptococcus sp001578805*,Mimon crenulatum,0.996,0.039,**0.106**,0,0
GAAATTGAGCGTGCCGTCAACAAAGTAAACGTGAGCCTTCACACTGCAAAACCTGGTATG,*(P) Bacillota; (G) Streptococcus*,Mimon crenulatum,0.871,0.039,**0.106**,0,0
GCAGCTGTTATCATTCGTGATGACAAGAGCCCAAGAGGAACACGTATCTTTGGACCTGTC,*(P) Bacillota; (S) Enterococcus_A alishanensis*,Mimon crenulatum,0.768,0.039,**0.102**,0,0
AAAATCTTCCCGCAAATGCCTTATACTAAAAAACCTTTAGAAGTACGTATGGGATCTGGT,*(P) Bacillota; (G) Gemella*,Mimon crenulatum,0.907,0.039,**0.102**,0.008,0
CGCACCAAGGTAGCGGTTCGCAGTCACAATCCCCATGTTGACGCCATTGGAACCATCGTG,*(P) Bacillota; (G) Streptococcus*,Mimon crenulatum,0.989,0.039,**0.102**,0,0
CCAGTATCGGCTTTAGCCATTATAGCGGTGGATGACAGTGAAGGGCTTGTGCAGGCTATT,*(P) Bacillota; (G) Streptococcus*,Mimon crenulatum,0.999,0.039,**0.102**,0,0
ATTTCCTTGGGCGATTATGTTCTTACAGGTGGAGAGCTGGCGGCTATGACTATGATTGAT,*(P) Bacillota; (G) Streptococcus*,Mimon crenulatum,0.843,0.039,**0.102**,0,0
AATGCACATGCATTGCGCGAGGCAACACAGTGCAACATTCCCACGATGGCAATCGTGGAC,*(P) Patescibacteria; (G) 2-12-FULL-50-11*,Mimon crenulatum,0.814,0.039,**0.098**,0,0
GGCTTTGGTCTGCGTGTGCCAGACGTGCTGCATCCGGTTGCGCGCGCTGCGGGCTTTACC,*(D) Bacteria*,Mimon crenulatum,0.7,0.039,**0.098**,0,0
TACCAAGTCCCAGTTGAAGTTCGTCCAGAACGTCGCATTACCTTGGGTCTTCGTTGGTTG,*(P) Bacillota; (G) Streptococcus*,Mimon crenulatum,0.995,0.039,**0.098**,0,0
TTCCATCAGATAGGAGTGGAGTGTTTTGGCTCAGACAATCCAGCAACGGATGTCGAAACG,*(P) Bacillota; (G) Streptococcus*,Mimon crenulatum,0.956,0.039,**0.098**,0,0
GGAGCCTTTGTGGAATTGGAAAATGGC------GAGAAGGGTTTGATCCATATTTCAGAG,*(P) Methanobacteriota_A; (O) Methanococcales*,Mimon crenulatum,0.995,0.039,**0.098**,0,0
CAACTCGATGAGCGGGAACGGGGATTTTCCTATAAAAAAGAAGCTCCTCTGGATATGCGG,*(P) Bacillota; (G) Streptococcus*,Mimon crenulatum,0.956,0.039,**0.098**,0,0
CGCTCAATTGTGCATGATCTCGGCGCGGCGTGTGGGAGCGCAGCGCATGTCGTGCGCCTC,*(P) Chloroflexota; (G) JAGWBD01*,Mimon crenulatum,0.7,0.039,**0.098**,0,0
GTTGACGTCACAGGAACTTCAAAAGGGAAAGGTTTCCAAGGGGTTATCAAACGCCATGGT,*(P) Bacillota; (G) Streptococcus*,Mimon crenulatum,0.902,0.039,**0.094**,0,0
TTTCATCAAATTGGGGTTGAAGCGCTGGGAAGTGAAAATCCAACTTTAGATGTTGAAACA,*(P) Bacillota; (S) Enterococcus_A alishanensis*,Mimon crenulatum,0.703,0.039,**0.094**,0,0
TCAAAAGAAGCAGTTGGTCAAACAGCTGCATTTGTACGTAGCCTTCGCGCTCCAGAACCT,*(P) Bacillota; (G) Streptococcus*,Mimon crenulatum,0.902,0.039,**0.094**,0,0
CTGGCGGATGATTCAGGTCTGAAAGTGGACATTTTGGGTGGCTTGCCGGGCGTTTGGTCT,*(P) Bacillota; (G) Streptococcus*,Mimon crenulatum,0.822,0.039,**0.094**,0,0
TTGCGGTTTGATTTCACGCATTTCCAAGCGGTCACACCAGAAGAATTACGGCAAATCGAA,*(P) Bacillota; (G) Streptococcus*,Mimon crenulatum,0.999,0.039,**0.094**,0,0
GCATGTGTACTGCTCAACAACCGCAAGGAGCCGCTAGGGACGCGCGTCAATGGCGTCGTC,*(P) WOR-3; (O) SM23-42*,Mimon crenulatum,0.789,0.039,**0.09**,0,0
CGTGGTGTGGCAACTCGTGTCGGAACCATGACTCCGAAGAAGCCTAACTCAGCCTTGCGT,*(P) Bacillota; (G) Streptococcus*,Mimon crenulatum,0.948,0.039,**0.09**,0,0
CCCGTCTCAGCTTTGGCGATTATTGCAGCGGATGACAGCGAGGGCTTGCTACGGGCGATT,*(P) Bacillota; (G) Streptococcus*,Mimon crenulatum,1,0.039,**0.09**,0,0
GCAATTGAATTGTTGCGTGAAAAAGGAATGGCTAAGGCTGCGAAAAAGGCAGACCGTGTT,*(P) Bacillota; (G) Streptococcus*,Mimon crenulatum,0.874,0.039,**0.09**,0,0
GCAGCAGTGATTATTCGTGAGGACAAGACTCCTCGTGGAACTCGTATCTTTGGTCCAGTT,*(P) Bacillota; (G) Streptococcus*,Mimon crenulatum,0.998,0.039,**0.086**,0,0
GGTGGTGGTTATGCAGGTCAATCAGGCGCAATCCGTCACGGAATTTCCCGCGCTTTGTTG,*(P) Bacillota; (G) Streptococcus*,Mimon crenulatum,0.71,0.039,**0.086**,0,0
TTTCATCAATTTGGTGTAGAGTGTTTAGGAGTTAAAAATCCGGCAGTTGATGTAGAAATT,*(P) Bacillota; (S) Lactococcus lactis*,Mimon crenulatum,0.71,0.039,**0.086**,0,0
ATTTTGCTGATTGATACAGCAGGCCGGTTGCAAAACAAGGAAAATCTGATGGCAGAACTC,*(P) Cyanobacteriota; (O) Cyanobacteriales*,Mimon crenulatum,0.985,0.039,**0.086**,0,0
TATGTCTTGATTGATACGGCAGGACGCTTGCAGATTGATGAAGCCCTGATGCAGGAGTTG,*(P) Bacillota; (G) Streptococcus*,Mimon crenulatum,0.926,0.039,**0.086**,0,0
GGTGCCTTCGTGAACTTGATTAAAGGC------AAAGATGCTTTGGTTCATATTTCTCAA,*(P) Bacillota; (S) Enterococcus_A alishanensis*,Mimon crenulatum,0.753,0.039,**0.086**,0,0
TCAAAAGAAGCAGTTGGTCAAACTGCTGCCTTTGTTCGTAGCCTTCGTGCTCCAGAACCA,*(P) Bacillota; (G) Streptococcus*,Mimon crenulatum,0.926,0.039,**0.086**,0,0
CGTCAAAAGAAACGCGACTTCCGTAAATTATGGATTGCACGTATCAACGCTGCAGCTCGT,*(P) Bacillota; (F) Enterococcaceae*,Mimon crenulatum,0.797,0.039,**0.086**,0,0
TACCAAGTCCCTGTTGAAGTACGTCCAGAACGTCGTACAACATTAGGTCTTCGTTGGGTA,*(P) Bacillota; (S) Enterococcus_A alishanensis*,Mimon crenulatum,0.759,0.039,**0.081**,0,0
TATGTCCTGATTGATACGGCAGGTCGCCTGCAGATTGATCAAGCTCTGATGACGGAATTG,*(P) Bacillota; (G) Streptococcus*,Mimon crenulatum,0.993,0.039,**0.081**,0,0
GTTCTATTGATTGATACAGCAGGTCGTTTGCAAAATAAAGTCAATTTGATGAACGAGTTG,*(P) Bacillota; (S) Enterococcus_A alishanensis*,Mimon crenulatum,0.853,0.039,**0.081**,0,0
CTAGCCGGTGTCATGGGAGGAGAGGATACCGAAATTAGTGAGCAGTCCACTCGTATCGTC,*(P) Bacillota; (G) Streptococcus*,Mimon crenulatum,0.939,0.039,**0.081**,0,0
AAGACACGCTCCGAGGTCAACTTTTCTGGGCATCGCCTAAGGCCGCAAAAAGGAAGCGGA,*(P) Chloroflexota; (G) GCA-2730555*,Mimon crenulatum,0.898,0.039,**0.081**,0,0
AAAGTGCGTAATCGCGTTGGACGTGGTACTTCATCTGGTAACGGCAAAACAGCTGGACGC,*(P) Bacillota; (S) Enterococcus_A alishanensis*,Mimon crenulatum,0.714,0.039,**0.081**,0,0
GAAGCATTTGTAAATGAAGGACCAACAATGAAACGGTTCCGTCCAAGAGCAAAAGGTTCA,*(P) Bacillota; (S) Enterococcus_A alishanensis*,Mimon crenulatum,0.759,0.039,**0.081**,0,0
CGTTCTGAAGCCGGATCTGCCGGTCGGGACACCCGCGGTTTGATTCGCTTGCACCAATTC,*(P) Bacillota; (G) Streptococcus*,Mimon crenulatum,0.939,0.039,**0.081**,0,0
AGAACATTGGCAGTTGATTTAGGAGAAAAGTTGGGTTATCCAGCCCATATGTCTGACTTA,*(P) Bacillota; (S) Enterococcus_A alishanensis*,Mimon crenulatum,0.672,0.039,**0.081**,0,0
GTGGATGTGCGCGCAATTACGCGCGGAAAAGGTTTTGCAGGTGTGATGAAGCGGCACAAT,*(P) Pseudomonadota; (G) JALYJG01*,Mimon crenulatum,0.719,0.039,**0.077**,0,0
GAACGTATTGCTGTGCAAGAAGCACACAAATTAAATATCCCAATCGTTGCAATGGTGGAT,*(P) Bacillota; (S) Enterococcus_A alishanensis*,Mimon crenulatum,0.766,0.039,**0.077**,0,0
ATGCAGGTGCCCATTCCGCTGAATGAGCGGCAAAGCACGCGCCGCGCTGTTACATGGATT,*(D) Bacteria*,Mimon crenulatum,0.912,0.039,**0.077**,0,0
TGGTCACGTCGTTCAACGATTTTCCCAAGTTTTATCGGTTACACTATCGCAGTTTATGAT,*(P) Bacillota; (G) Streptococcus*,Mimon crenulatum,0.816,0.039,**0.077**,0,0
TGGTCACGTCGTTCAACGATTTTCCCAAGTTTCATTGGTTACACTATCGCAGTTTATGAT,*(P) Bacillota; (G) Streptococcus*,Mimon crenulatum,0.998,0.039,**0.077**,0,0
GAAGTGGAATCCGATTACTACAATTTTGAGCGGATGAATCTGCCAAAGGATCACCCAGCC,*(P) Bacillota; (G) Streptococcus*,Mimon crenulatum,0.998,0.039,**0.077**,0,0
GGTGCCTTTATTGATATCGGAATTAAA------AATGATGGCTTGGCACACGTTTCTGAT,*(P) Bacillota; (S) Lactococcus lactis*,Mimon crenulatum,0.865,0.039,**0.077**,0,0
ATGTATGAATTCTTTGATAAATTAGTAACTGTAGCTCTTCCACGTGTACGTGACTTCCAC,*(P) Bacillota; (G) Gemella*,Mimon crenulatum,0.998,0.039,**0.077**,0,0
AAAGGACGTTCTGAAGTTTCAGGTGGTGGTCGTAAACCATGGCGTCAAAAAGGTACAGGT,*(P) Bacillota; (G) Gemella*,Mimon crenulatum,0.998,0.039,**0.077**,0,0
ACGCAGCGCAAACGTCTTGGGCGCGGCGACTCGTCCGACCGCGGCGGCACATCAACGCGC,*(D) Bacteria*,Mimon crenulatum,0.865,0.039,**0.077**,0,0
CCAGTATCGGCCTTGGCCATTATAGCAGTGGATGACAGTGAAGGGCTTGTGCAGGCTATT,*(P) Bacillota; (G) Streptococcus*,Mimon crenulatum,0.719,0.039,**0.077**,0,0
GCAATTGAATTGTTGCGTGAAAAAGGAATGGCCAAGGCTGCGAAAAAGGCAGACCGTGTT,*(P) Bacillota; (G) Streptococcus*,Mimon crenulatum,0.982,0.039,**0.077**,0,0
GTTGACGTAACCGGTACCTCTAAAGGTAAAGGTTTCGCTGGTACCGTTAAGCGCTGGAAC,*(P) Pseudomonadota; (F) Enterobacteriaceae*,Mimon crenulatum,0.859,0.039,**0.073**,0.005,0.003
GTTGACGTAACAGGAGTAAGTAAAGGTAAAGGATTCCAAGGGGCTATTAAGCGTCATGGA,*(P) Bacillota; (G) Gemella*,Mimon crenulatum,0.965,0.039,**0.073**,0,0
GAAGTTGAGTCAGATTTTTACAACTTTGAGCGGATGAATCTGCCCAAGGATCACCCAGCT,*(P) Bacillota; (G) Streptococcus*,Mimon crenulatum,0.991,0.039,**0.073**,0,0
GAAGTTGAAACCGATCATTATAATTTTGAACGGATGAATCTACCTAAAGATCATCCTGCC,*(P) Bacillota; (S) Enterococcus_A alishanensis*,Mimon crenulatum,0.724,0.039,**0.073**,0,0
CGCGTTCTCGTTTTTGCACGTGGTGCAAAGGCTGAAGAAGCAAAAGCAGCGGGCGCAGAT,*(P) Bacillota; (G) Streptococcus*,Mimon crenulatum,0.775,0.039,**0.073**,0,0
GGTGCATTTATTGATTTAGGTGAAGGG------AAAACTGGGTTAGTCCATATTAGCGAA,*(P) Bacillota; (S) Enterococcus_A alishanensis*,Mimon crenulatum,0.676,0.039,**0.073**,0,0
ATAGATGGAGCTTTTGCTGATTACACTGGAAAAATTATGGAGATTGACAACGGCAAGGTC,*(P) Thermoproteota; (G) JALSQL01*,Mimon crenulatum,0.991,0.039,**0.073**,0,0
CGCGTTCTCGTTTTTGCACGTGGTGCAAAGGCCGAAGAAGCAAAAGCAGCGGGCGCAGAT,*(P) Bacillota; (G) Streptococcus*,Mimon crenulatum,0.839,0.039,**0.069**,0,0
GGTGGAGGCTACGGAGGCCAAGCCGGAGCAATCCGTCACGGTATCTCTCGTGCTTTATTA,*(P) Bacillota; (S) Enterococcus_A alishanensis*,Mimon crenulatum,0.941,0.039,**0.069**,0,0
CGCGCCGAGGCAGGCGCCCGCGGCACCGACACGCGGGGTCTTTACCGCATCCACCAGTTC,*(D) Bacteria*,Mimon crenulatum,0.893,0.039,**0.069**,0,0
CGAACCTTATCGGTTGATTTGGGCAAAAAATTGGGCTACGCCGCCCACATGTCCTACTTG,*(P) Bacillota; (G) Streptococcus*,Mimon crenulatum,0.977,0.039,**0.069**,0,0
AATACAATCGTCATGATTACCGATGCTCAAGGAAATGCTTTAGCATGGTCTTCTGCCGGT,*(P) Bacillota; (S) Enterococcus_A alishanensis*,Mimon crenulatum,0.839,0.039,**0.069**,0,0
AAAATCTTCCCACAAAAATCCTACACAGCAAAAGCTATTGGTGTGCGGATGGGATCTGGT,*(P) Bacillota; (O) Lactobacillales*,Mimon crenulatum,0.988,0.039,**0.065**,0,0
GAACACAATGCTATTGCAGAAGCTAAAAAATTAGGAATTCCTATAGTAGGTATCGTAGAT,*(P) Bacillota; (G) Gemella*,Mimon crenulatum,0.909,0.039,**0.065**,0,0
GGCGGTGGGCACAGCGGCCAGGCTGGCGCCTTGGCGCATGCGACCGCGAATGCGCTTGTC,*(P) Nitrospirota; (F) Nitrospiraceae*,Mimon crenulatum,0.736,0.039,**0.065**,0,0
GGTGCCTTTGTTGAGCTGGAAAATGGC------GACAAGGGCCTGGTCCATATTTCAGAG,*(P) Methanobacteriota_A; (F) Methanocaldococcaceae*,Mimon crenulatum,0.956,0.039,**0.065**,0,0
GGTGCATTTGTAAAACTGGATAATTCATCGGAACAAAAAGGATTGATTCATATTTCTGAA,*(P) Bacillota; (S) Lactococcus lactis*,Mimon crenulatum,0.736,0.039,**0.065**,0,0
AAAGTCCGCAACCGTGTAGGTCGTGGGACTTCATCTGGTAACGGTAAGACTTCAGGTCGT,*(P) Bacillota; (F) Enterococcaceae*,Mimon crenulatum,0.956,0.039,**0.065**,0,0
CAATTAGATGAAGCAGTACGTGGTTTCAGCTATCATCAAGATGCACCTTTAGACATGCGG,*(P) Bacillota; (S) Enterococcus_A alishanensis*,Mimon crenulatum,0.794,0.039,**0.065**,0,0
CAGCTGGATGAGCGAGAGCGGGGCTTTTCCTATCGGCAGGAGGCTGTTTTGGATATGCGG,*(P) Bacillota; (G) Streptococcus*,Mimon crenulatum,0.736,0.039,**0.065**,0,0
TCCCTTCTCCCGCTCGGCGCCGCCAAGATGGTGCGTGGCGCAGGGACAAGTGGGCAGCTA,*(P) Actinomycetota; (G) Poriferisocius*,Mimon crenulatum,0.868,0.039,**0.061**,0,0
AAGGGCGTTTGCACAAAGATCTTTACGTCAAAGCCCAAGAAGCCCAACTCGGCTATTCGC,*(P) Pseudomonadota; (C) Alphaproteobacteria*,Mimon crenulatum,0.868,0.039,**0.061**,0,0
CGTGGAGTAGCAACTCGTGTTGGAACAATGACTCCGAAAAAACCTAACTCAGCCTTGCGT,*(P) Bacillota; (G) Streptococcus*,Mimon crenulatum,0.868,0.039,**0.061**,0,0
AAAGACCACCATTCTTACCGTGGTTTGATGAAAAAAGTTGGTCATCGTCGTAACTTGTTA,*(P) Bacillota; (F) Enterococcaceae*,Mimon crenulatum,0.735,0.039,**0.061**,0.003,0
TTGAAAAATCGAATCAAAACAGCTTTTATTGCTGAGGATGATGGAGTGGTCATTACACAT,*(P) Bacillota; (S) Lactococcus lactis*,Mimon crenulatum,0.971,0.039,**0.061**,0,0
ATGTATGAATTCTTAGACAAATTAGTGTCTGTATCACTTCCACGTGTACGTGACTTCCAT,*(P) Bacillota; (G) Enterococcus_A*,Mimon crenulatum,0.686,0.039,**0.061**,0,0
ATCAATACCGTCTATGATTTGACAGAAAAAACGGAACCTGAAATGATGAAAGTACGCAAT,*(P) Bacillota; (G) Streptococcus*,Mimon crenulatum,0.926,0.039,**0.061**,0,0
CTGCGTTTTGACTTTTCGCACAAGGCGGGTCTGACGATGCCGGAGCTGACTGAGATTGAG,*(D) Bacteria*,Mimon crenulatum,0.868,0.039,**0.061**,0,0
ATCGGTGGGATTATGGGCGGTCAGTCAACTGAGATTGATACGCAGTCGACTCGAATTGTG,*(P) Bacillota; (G) Streptococcus*,Mimon crenulatum,0.997,0.039,**0.061**,0,0
GTCATCGAGCGCACCCGTGACCGGGTCCGCGTCGACATCCACACCGCCCGCCCGGGCATC,*(P) Actinomycetota; (O) Mycobacteriales*,Mimon crenulatum,0.971,0.039,**0.061**,0,0
CACGACAACAGCAACAGGCGCGCCATGGCACAGCTCATCCACCAGCGCGCGCGTGTCCTG,*(P) Chloroflexota; (F) P2-11E*,Mimon crenulatum,0.819,0.039,**0.057**,0,0
TGGTCACGTCGTTCAACGATTTTCCCAAGTTTCATCGGTTATACTATCGCAGTTTACGAT,*(P) Bacillota; (G) Streptococcus*,Mimon crenulatum,0.944,0.039,**0.057**,0,0
GGTGGTGGTTATGCAGGTCAATCAGGCGCAATCCGTCACGGAATTTCTCGCGCTTTGTTG,*(P) Bacillota; (G) Streptococcus*,Mimon crenulatum,0.944,0.039,**0.057**,0,0
TTTCACCAAATCGGGGTTGAATGTTTCGGATCGGCCAATCCTGCGACAGATGTTGAAACG,*(P) Bacillota; (G) Streptococcus*,Mimon crenulatum,0.885,0.039,**0.057**,0,0
CCTGCCGGTAAAGCGACTCCAGCTCCACCTGTTGGACCTGCACTTGGTCAAGCCGGAATC,*(P) Bacillota; (O) Lactobacillales*,Mimon crenulatum,0.753,0.039,**0.057**,0,0
GTGCCGCTGCCCACCGAGAAGAACGTCTGGGCGACCATCCGTTCTCCCCACAAGTACAAG,*(P) Actinomycetota; (G) Corynebacterium*,Mimon crenulatum,0.944,0.039,**0.057**,0,0
TATACCAAGTTGCCCGGTATCGGCATTAAGACAGCGACTCGCTTGGCCTTTTACACGATT,*(P) Bacillota; (G) Streptococcus*,Mimon crenulatum,0.985,0.039,**0.057**,0,0
GAGATCGAACGTGCAGCAAATCGCGTGAACGTTTCAATCCACACAGCGAAACCTGGTATG,*(P) Bacillota; (S) Enterococcus_A alishanensis*,Mimon crenulatum,0.819,0.039,**0.057**,0,0
GGTACTGGGGTTATCGCTGGAGGTCCAGTTCGTGCCGTATTAGAATTATCAGGTATTTCT,*(P) Bacillota; (G) Gemella*,Mimon crenulatum,0.996,0.039,**0.053**,0,0
ATAAACACTGTTCAAGAATTAGCTAACAAAAATGAACAAGAAATGATAAAAGTAAGAAAC,*(P) Bacillota; (G) Gemella*,Mimon crenulatum,0.996,0.039,**0.053**,0,0
AAAGTACGTAATAGAGTAGGTCGTGGGATCGGATCAGGAAACGGTAAAACAAGTGGACGT,*(P) Bacillota; (G) Gemella*,Mimon crenulatum,0.962,0.039,**0.053**,0,0
CGTCAAAAGAAACGCGACTTCCGTAAATTGTGGATTGCACGTATCAACGCAGCTGCACGT,*(P) Bacillota; (G) Lactococcus*,Mimon crenulatum,0.835,0.039,**0.053**,0,0
CGTTCTGAAGCCGGATCTGCCGGTCGGGACACCCGCGGTTTGATTCGTCTGCACCAATTC,*(P) Bacillota; (G) Streptococcus*,Mimon crenulatum,0.835,0.039,**0.053**,0,0
GTTTCGCTGGGAGATTATGTTCTGACGGGGGGCGAGCTGGCGGCCATGACGATGATCGAT,*(P) Bacillota; (G) Streptococcus*,Mimon crenulatum,0.905,0.039,**0.053**,0,0
GTGTCATTGGGAGATTATGTTTTAACTGGTGGCGAATTAGGAGCGATGGTGATGATTGAT,*(P) Bacillota; (S) Enterococcus_A alishanensis*,Mimon crenulatum,0.763,0.039,**0.053**,0,0
ATTAACACTGTTTATGATTTGACAGAAAAGACAGAGCCTGAAATGATGAAAGTACGTAAT,*(P) Bacillota; (G) Streptococcus*,Mimon crenulatum,0.926,0.039,**0.049**,0,0
TTGGCGGATGATTCCGGTTTATCTGTCGCTATTCTAGGCGGTCTGCCTGGGGTCTGGTCA,*(P) Bacillota; (G) Streptococcus*,Mimon crenulatum,0.926,0.039,**0.049**,0,0
CTGCGCTTTGACTTCACGCATTTCCAAGCGGTTACGCCGGAAGAATTGCGCCAGATCGAG,*(P) Bacillota; (G) Streptococcus*,Mimon crenulatum,0.98,0.039,**0.049**,0,0
CGCACCAAGGTAGCCGTTCGTAGCCACAATCCAAATGTTGATGCCATTGGAACAATTGTA,*(P) Bacillota; (G) Streptococcus*,Mimon crenulatum,0.926,0.039,**0.049**,0,0
TACAGCAAGTTGCCAGGAATTGGGATCAAAACAGCCACCCGTCTGGCTTTTTATACTATC,*(P) Bacillota; (G) Streptococcus*,Mimon crenulatum,0.98,0.039,**0.049**,0,0
CGATCTGAAGCAGGATCTGCCGGTCGAGATACTCGTGGCTTGATTCGCCTGCACCAATTC,*(P) Bacillota; (G) Streptococcus*,Mimon crenulatum,1,0.039,**0.049**,0,0
CGGACTTTGCTTGTGGATTTGGGGGCGCGCCTTGGTTACGCAGCCCACATGTCCCAGCTT,*(P) Bacillota; (G) Streptococcus*,Mimon crenulatum,1,0.039,**0.049**,0,0
GAACAAATCGCGGTAAAAGAAGCGAAAAAATTGGGAATTCCAGTTGTCGCAATGGTAGAT,*(P) Bacillota; (G) Streptococcus*,Mimon crenulatum,0.994,0.039,**0.045**,0,0
GAAGTGGAATCCGATTACTACAATTTTGAGCGGATGAATCTGCCAAAGGATCATCCAGCC,*(P) Bacillota; (G) Streptococcus*,Mimon crenulatum,0.789,0.039,**0.045**,0,0
GGTGGTGGTTATGCAGGTCAATCAGGTGCAATCCGTCACGGAATTTCTCGCGCTTTGTTG,*(P) Bacillota; (G) Streptococcus*,Mimon crenulatum,0.706,0.039,**0.045**,0,0
ATTTTGCTGATTGACACAGCAGGCCGGTTGCAAAACAAGGAAAATCTGATGGCAGAACTC,*(P) Cyanobacteriota; (O) Cyanobacteriales*,Mimon crenulatum,0.994,0.039,**0.045**,0,0
GGTGCTTTTGTGGAAATT------TTCCCAGGAGTTGAAGGATTGGTTCATATCTCTCAA,*(P) Bacillota; (S) Enterococcus_A alishanensis*,Mimon crenulatum,0.789,0.039,**0.045**,0,0
GCACGCCAATTCGTAAACCACGGCCATATCTTGGTCGATGGCAAACGTGTTGATATCCCA,*(P) Halobacteriota; (C) Halobacteria*,Mimon crenulatum,0.948,0.039,**0.045**,0,0
AGCCGGTCGCTTGTGCTGCATGGGAAGGTAAGCGTCAATGGCGAGGTGGCGACGGACCCG,*(P) Thermoproteota; (G) 40CM-2-53-6*,Mimon crenulatum,0.948,0.039,**0.045**,0,0
GACAAAGAAGTAGTTGGGCAATATGCAGCGAAAGTTCGTGCAGTACGTCCTCCAGAACCT,*(P) Bacillota; (G) Gemella*,Mimon crenulatum,0.994,0.039,**0.045**,0,0
TTAGCTGATGATTCTGGTCTAATTGTAGATGCTTTAAATGGTATGCCAGGAGTTTATTCT,*(P) Bacillota; (S) Enterococcus_A alishanensis*,Mimon crenulatum,0.706,0.039,**0.045**,0,0
AGAGCAAAGATAGCTGTTTATTCAGAAGATAAAAACGTAGACCCTGTTGGAGCATGTGTA,*(P) Bacillota; (G) Gemella*,Mimon crenulatum,0.706,0.039,**0.045**,0,0
TTAGCTGGTGTGATGGGAGGATTAGATTCTGAAATCACTAATACAACAACGACAGTAGCT,*(P) Bacillota; (S) Enterococcus_A alishanensis*,Mimon crenulatum,0.789,0.039,**0.045**,0,0
CAATTAGACACTCCTGAGAGAGGATTTAGTTATAATTATGATACAAAATTAGATATGCGG,*(P) Bacillota; (G) Gemella*,Mimon crenulatum,0.874,0.039,**0.045**,0,0
TACCAAATACCAGTAGAAGTACGTCCAGAAAGAAGAATAACATTAGGATTACGTTGGTTA,*(P) Bacillota; (C) Bacilli*,Mimon crenulatum,0.971,0.039,**0.041**,0,0
CGTGGCGTATGTACTCGTGTATATACCACCACACCTAAAAAACCTAACTCAGCACTGCGT,*(P) Pseudomonadota; (G) Morganella*,Mimon crenulatum,0.792,0.039,**0.041**,0,0.003
GGTGGTGGTTATGCAGGTCAATCAGGCGCAATCCGCCACGGAATTTCCCGCGCTTTGTTG,*(P) Bacillota; (G) Streptococcus*,Mimon crenulatum,0.806,0.039,**0.041**,0,0
CGGATGAAGCCGCCCTTCGGGATCGCCAACATCGGCAAGTCCTTCCGCAACGAGATCACC,*(P) Actinomycetota; (G) Corynebacterium*,Mimon crenulatum,0.898,0.039,**0.041**,0,0
GCACGTCAATTCGTAAACCACGGACATATCCTTGTTGACGGGAAACGCGTTGATATCCCA,*(P) Bacillota; (S) Lactococcus lactis*,Mimon crenulatum,0.971,0.039,**0.041**,0,0
ATCCCGCTGCCGACCCGCAAAGAGCGTTTCACCGTTCTGATCTCCCCGCACGTCAACAAA,*(P) Pseudomonadota; (F) Enterobacteriaceae*,Mimon crenulatum,0.886,0.039,**0.041**,0,0.003
GCTTGTGTAATTATCCGAGATGATAAGAGCCCTCGTGGTACTCGTATTTTTGGACCAGTT,*(P) Bacillota; (G) Gemella*,Mimon crenulatum,0.991,0.039,**0.037**,0,0
GCATGCGTTATTTTAAACAATAACGAGCAACCTATCGGTACGCGTATTTTTGGGCCGGTA,*(P) Pseudomonadota; (F) Enterobacteriaceae*,Mimon crenulatum,0.811,0.039,**0.037**,0,0.003
GCAGCAGTGATTATCCGTGAGGACAAGACTCCTCGTGGAACTCGTATCTTTGGTCCAGTT,*(P) Bacillota; (G) Streptococcus*,Mimon crenulatum,0.926,0.039,**0.037**,0,0
CGTGGCGTGTGCACCCGCGTGTACACCACCACGCCCCGTAAGCCGAACTCGGCGCTCAGG,*(P) Actinomycetota; (G) Corynebacterium*,Mimon crenulatum,0.991,0.039,**0.037**,0,0
TGGTCTCGCCGCTCTACAATTTTTCCATCATTCGTAGGTTTCACAATCGCTGTATATGAT,*(P) Bacillota; (S) Enterococcus faecalis*,Mimon crenulatum,0.796,0.039,**0.037**,0.005,0
TACGTTATTATTGATACAGCAGGTAGATTGCATATCGATGAAGTTCTTATGGATGAGTTA,*(P) Bacillota; (G) Gemella*,Mimon crenulatum,0.827,0.039,**0.037**,0,0
GGAGCATTTGTTGAATTA------TTCCCTGGAGTAGACGCATTGGTTCATATTTCTAAG,*(P) Thermoproteota; (G) Geocrenenecus*,Mimon crenulatum,0.991,0.039,**0.037**,0,0
GGTGCCTTTGTTGAGCTGGAAAATGGC------GACAAGGGCTTGGTCCATATTTCAGAG,*(P) Halobacteriota; (P) Halobacteriota*,Mimon crenulatum,0.991,0.039,**0.037**,0,0
CTAAAAGAAAAAATTAAAGAAGCTAAAAAAAATGGTTTTGACAGTGTAGTCATTACTCAT,*(P) Bacillota; (S) Enterococcus_A alishanensis*,Mimon crenulatum,0.991,0.039,**0.037**,0,0
ATTCCGCTTCCAACAGAACGTAGTCTCTACACCATCATTCGTGCGACTCACAAGTATAAA,*(P) Bacillota; (G) Streptococcus*,Mimon crenulatum,0.926,0.039,**0.037**,0,0
ATTCCGTTACCAACTGAAAAAGCAGTTTATACAATCTTACGTTCAGTTCACATTTACAAA,*(P) Bacillota; (G) Gemella*,Mimon crenulatum,0.827,0.039,**0.037**,0,0
TTGCGGTTTGATTTCACGCATTTTCAAGCGGTCGCACCAGAAGAATTGCGGCAAATCGAA,*(P) Bacillota; (G) Streptococcus*,Mimon crenulatum,0.991,0.039,**0.037**,0,0
CGTGCAAAAGTAGCTGTTCGCTCGAATGATCCTAATATTGACCCAGTTGGTACTTGTGTT,*(P) Bacillota; (S) Enterococcus_A alishanensis*,Mimon crenulatum,0.724,0.039,**0.037**,0,0
GAAATTGAAAGATTCGATAAAAAAATAAATATCTCAGTACACACTGGAAAACCTGGTATG,*(P) Bacillota; (G) Gemella*,Mimon crenulatum,0.991,0.039,**0.037**,0,0
CCAGTATCGGCTTTAGCTATCATAGCGGTGGATGACAGCGAGGGGTTGGTGCAGGCCATT,*(P) Bacillota; (G) Streptococcus*,Mimon crenulatum,0.724,0.039,**0.037**,0,0
GCTATAGACTACTTAAGAGAAAATGGTATAGCAAAAGCTGCTAAAAAGGCTGACCGTATC,*(P) Bacillota; (G) Gemella*,Mimon crenulatum,0.991,0.039,**0.037**,0,0
CGTGTGTTCCCGGACAAACCTATCACTGAAAAGCCTCTTGAAGTGCGTATGGGTAAAGGT,*(P) Pseudomonadota; (G) Morganella*,Mimon crenulatum,0.736,0.039,**0.033**,0,0
AAAGATCACGCAACTTACCGTGGTTTGATGAAAAAAATCGGTCGTCGTCGGAATTTGTTA,*(P) Bacillota; (G) Streptococcus*,Mimon crenulatum,0.956,0.039,**0.033**,0,0
AAAGATCACGCAGGTCGTCGTGGATTATTAAAAAAAGTATTCCGTCGTCGTCACTTATTA,*(P) Bacillota; (G) Gemella*,Mimon crenulatum,1,0.039,**0.033**,0,0
TGGTCACGTCGTTCAACGATTTTCCCAAGTTTCATCGGTTATACTATCGCAGTTTATGAC,*(P) Bacillota; (G) Streptococcus*,Mimon crenulatum,0.956,0.039,**0.033**,0,0
TTTGTACAATATGGTGTAGAGGTTATAGGAGAAGAAAGTCCAAAAATTGATGCTGAAGTG,*(P) Bacillota; (G) Gemella*,Mimon crenulatum,0.956,0.039,**0.033**,0,0
TATGTCTTAATTGATACGGCCGGCCGTTTACACATTGACGAAGCTTTAATGGACGAATTG,*(P) Bacillota; (S) Enterococcus faecalis*,Mimon crenulatum,0.736,0.039,**0.033**,0,0
GGTGCCTTTGTAGATATTGGTGTAAAA------CAAGATGGTTTGGTTCATATTTCGAAA,*(P) Bacillota; (S) Enterococcus_A alishanensis*,Mimon crenulatum,0.736,0.039,**0.033**,0,0
ATTGACGGGGCGTTTTCGGATTATACTGGAAAAATCACAGAAATTGACAATGGCAAGGTG,*(P) Thermoproteota; (G) JALURD01*,Mimon crenulatum,1,0.039,**0.033**,0,0
GCCCGCCAGCTCGTCTCCCACGGTCACTTCACCGTGAACGGGAAGAACATCAACGTGCCC,*(P) Halobacteriota; (O) Methanomicrobiales*,Mimon crenulatum,1,0.039,**0.033**,0,0
GACAAGCAGCAGGTCGGACAGATCGCCGCCAACATCCGTCGTCTGCGGAAGGACGACCCC,*(P) Actinomycetota; (G) Corynebacterium*,Mimon crenulatum,0.956,0.039,**0.033**,0,0
ATCGGTGGGATTATGGGCGGTCAGTCAACTGAGATTGATACGCAATCTACTCGAATTGTG,*(P) Bacillota; (G) Streptococcus*,Mimon crenulatum,1,0.039,**0.033**,0,0
CTGGCGGGAGTCATGGGCGGGGTGACCTCCGAGATCACCGGGGAGACCGTCGACGTGCAC,*(P) Actinomycetota; (G) Corynebacterium*,Mimon crenulatum,0.736,0.039,**0.033**,0,0
TTCTCCCGGCTCCCCGGCGTCGGCCCGAAATCCGCCCAGCGTATCGCCTTCCACCTGCTG,*(P) Actinomycetota; (G) Corynebacterium*,Mimon crenulatum,1,0.039,**0.033**,0,0
CGCGCCCGCAAGCGTGAGTTCCGCAAGCTGTGGATCCAGCGCATCAACGCGGCCGCCCGG,*(P) Actinomycetota; (G) Corynebacterium*,Mimon crenulatum,0.853,0.039,**0.033**,0,0
GAGGCCTACGCCAACGAGGGCCCCACGATGCGCCGCTTCCAGCCGCGCGCCCAGGGCAGG,*(P) Actinomycetota; (G) Corynebacterium*,Mimon crenulatum,0.956,0.039,**0.033**,0,0
CCAGTATCGGCCTTGGCCATTATAGCGGTGGATGACAGTGAAGGGCTTGTGCAGGCTATT,*(P) Bacillota; (G) Streptococcus*,Mimon crenulatum,0.853,0.039,**0.033**,0,0
GAGTTGAAACCAGGTCGTGGTGGAGAATTAGTTCGTGCTGCGGGGGCTTCTGCTCAAGTA,*(P) Bacillota; (G) Streptococcus*,Mimon crenulatum,0.985,0.039,**0.029**,0,0
GAGCTCAAGCCCGGCGCAGGTGCGAAGTTGGCCCGTTCGGCCGGCGCCTCCATCCAGCTC,*(P) Actinomycetota; (G) Corynebacterium*,Mimon crenulatum,0.985,0.039,**0.029**,0,0
GGAGCAGGAGTTGCTGCCGGTGGTGCTGTTCGTGCGGTCATTGAATTGGCTGGTGTGGCA,*(P) Bacillota; (G) Streptococcus*,Mimon crenulatum,0.985,0.039,**0.029**,0,0
TACCAAGTCCCAGTTGAAGTGCGTCCAGAACGTCGCATTACTTTGGGTCTTCGTTGGTTG,*(P) Bacillota; (G) Streptococcus*,Mimon crenulatum,0.753,0.039,**0.029**,0,0
TACCAAGTCCCAGTTGAAGTACGTCCAGAACGTCGGATTACCTTGGGTCTTCGTTGGTTG,*(P) Bacillota; (G) Streptococcus*,Mimon crenulatum,0.985,0.039,**0.029**,0,0
TACCAGGTGCCCGTCGAGGTCCGCCCCGGCCGCTCGACCACCCTCGCCCTGCGCTGGCTG,*(P) Actinomycetota; (G) Corynebacterium*,Mimon crenulatum,0.885,0.039,**0.029**,0,0
GGTGGAGGATATACAGGACAAGCTCAAGCGATCCGTCATGGGATTGCTCGTGCATTATTA,*(P) Bacillota; (G) Gemella*,Mimon crenulatum,0.985,0.039,**0.029**,0,0
TTCCATCAAATTGGTATTGAGGCTTTCGGCAGTGAAAACCCTAGCTTAGATGTTGAAGTT,*(P) Bacillota; (S) Enterococcus_A ferrettii*,Mimon crenulatum,0.885,0.039,**0.029**,0,0
GTATTATTATGCGATACAGCAGGAAGACTTCAAAATAAAGATCATTTAATGAAAGAACTA,*(P) Fermentibacterota; (G) Aegiribacteria*,Mimon crenulatum,0.753,0.039,**0.029**,0,0
GGTGCATTTGTAAAACTAGATAATTCATCAGAACAAAAAGGATTGATTCATATTTCTGAA,*(P) Bacillota; (S) Lactococcus lactis*,Mimon crenulatum,0.753,0.039,**0.029**,0,0
GGTGCCTTCGTGGCTATCGGCGGCGGT------AAAGAAGGTCTGGTGCATATTTCTCAG,*(P) Pseudomonadota; (F) Enterobacteriaceae*,Mimon crenulatum,0.753,0.039,**0.029**,0,0
ATTGACGGTGCGTTTTCGGATTATACTGGAAAAATCACAGAAATCGACAACGGCAAGGTG,*(P) Thermoproteota; (G) JALURD01*,Mimon crenulatum,0.885,0.039,**0.029**,0,0
GCACGCCAATTCGTAAACCACGGGCACATCTTGGTAGATGGTAAACGTGTAGATATCCCA,*(P) Halobacteriota; (C) Halobacteria*,Mimon crenulatum,0.885,0.039,**0.029**,0,0
GCATACGAGTTTGTCGAGCTGCTCACTACCTTTGTTCTACCGCGCCTGCGTGGGTTTGCG,*(P) WOR-3; (G) Caldipriscus*,Mimon crenulatum,0.753,0.039,**0.029**,0,0
ATGTGGGAGTTCCTCGACCGGCTGCTCACCATCGCCCTGCCCCGGATCCGCGACTTCCGC,*(P) Actinomycetota; (C) Actinomycetes*,Mimon crenulatum,0.753,0.039,**0.029**,0,0
ATGTATGAATTTTTGGATAAATTGGTATCTGTTTCTCTTCCACGTGTTCGTGATTTCCAT,*(P) Bacillota; (G) Streptococcus*,Mimon crenulatum,0.885,0.039,**0.029**,0,0
AACAAAGAAGTAGTCGGAGAAGTTGCAGCGAAAATCCGCAGCACTCGTCCTCCAGAACCT,*(P) Bacillota; (S) Enterococcus_A ferrettii*,Mimon crenulatum,0.753,0.039,**0.029**,0,0
ATCCAGACCGTCGGTGAGCTCGCCGAGTGCACCGAATCGGACCTGCTGGACATCCGCAAC,*(P) Actinomycetota; (S) Corynebacterium frankenforstense*,Mimon crenulatum,0.985,0.039,**0.029**,0,0
AAAAACCGTGCTGCAGTATCTGGTGGTGGACGCAAACCATGGCGTCAAAAAGGAACTGGA,*(P) Bacillota; (G) Streptococcus*,Mimon crenulatum,0.753,0.039,**0.029**,0,0
AAAGTACGCAATCGTGTCGGTCGCGGGACTTCATCAGGCAATGGTAAAACTTCTGGTCGT,*(P) Bacillota; (S) Enterococcus_A ferrettii*,Mimon crenulatum,0.985,0.039,**0.029**,0,0
ACCCCGAAGACCCGCGTCGGCCGTGGTGACGCCTCC---AAGGGCAAGACCGCCGGTCGA,*(P) Actinomycetota; (G) Corynebacterium*,Mimon crenulatum,0.985,0.039,**0.029**,0,0
CGTCAAACAAAACGTAACTTTAGAAGATTATGGATCGTTCGTATAAATGCAGCAGCTAGA,*(P) Bacillota; (G) Gemella*,Mimon crenulatum,0.753,0.039,**0.029**,0,0
GAAGCTTTTGCAAACGAAGGACCAACTATGAAACGGTTCCGTCCACGTGCAAAAGGTTCT,*(P) Bacillota; (G) Streptococcus*,Mimon crenulatum,0.753,0.039,**0.029**,0,0
GAAATTGAACGGGCAGTCAACAAAGTAAACGTGAGCCTTCATACTGCAAAACCAGGTATG,*(P) Bacillota; (G) Streptococcus*,Mimon crenulatum,0.885,0.039,**0.029**,0,0
GCGCGTCTTGCGATGGGGATCATGTCGGTGCTGAGCCCGGCCGAGCTCTCCGCCGCCGTC,*(P) Actinomycetota; (G) Corynebacterium*,Mimon crenulatum,0.985,0.039,**0.029**,0,0
CGCTCTGAAGCAGGATCTGCCGGTCGAGATACCCGCGGCTTGATTCGCCTGCACCAATTC,*(P) Bacillota; (G) Streptococcus*,Mimon crenulatum,0.885,0.039,**0.029**,0,0
GTTTCGCTGGGAGATTATGTTCTGACGGGGGGCGAGCTGGCGGCCATGACGATGATTGAT,*(P) Bacillota; (G) Streptococcus*,Mimon crenulatum,0.885,0.039,**0.029**,0,0
TGGTCCCGCCGTTCCACCATCCTGCCGGACTTCATCGGCCACACCTTCGCGGTCCACGAC,*(P) Actinomycetota; (G) Corynebacterium*,Mimon crenulatum,0.775,0.039,**0.024**,0,0
GAGGTGGAGGCCGAGTACTTCAACTTCGACGCGCTCAACTTCATCCCCGACCACCCCGCC,*(P) Actinomycetota; (S) Corynebacterium mycetoides*,Mimon crenulatum,1,0.039,**0.024**,0,0
CGGGTCGTCGTCTTCGCGGAGGGGCCGAACGCCACCGCCGCGGAGGAGGCCGGGGCCGAC,*(P) Actinomycetota; (G) Corynebacterium*,Mimon crenulatum,0.775,0.039,**0.024**,0,0
CTGCAGCAGGTCGGCGTGGAAGCCGTCGGTTCCGAGGACCCGGCCCTGGACGCCGAGGTG,*(P) Actinomycetota; (G) Corynebacterium*,Mimon crenulatum,0.926,0.039,**0.024**,0,0
TTTCACCAAATTGGAGTTGAATGTTTTGGCTCGGCCAATCCTGCGACAGATGTTGAAACG,*(P) Bacillota; (G) Streptococcus*,Mimon crenulatum,0.926,0.039,**0.024**,0,0
GTTGATGGTGCTTTTACAGATTATACCGGAAAGATTACAGAAATTGATAATGGCAAGGTG,*(P) Thermoproteota; (G) JALURD01*,Mimon crenulatum,0.775,0.039,**0.024**,0,0
GCACGCCAATTCGTAAACCACGGCCATATCTTGGTCGATGGCAAACGTGTGGATATCCCA,*(P) Halobacteriota; (G) JAQZDA01*,Mimon crenulatum,0.926,0.039,**0.024**,0,0
ATGTACGAATTTTTGGATAAATTGGTATCTGTTTCTCTTCCACGTGTTCGTGATTTCCAT,*(P) Bacillota; (G) Streptococcus*,Mimon crenulatum,1,0.039,**0.024**,0,0
CTTCGCTTTGATATTACACATTTTGCGCCACTTTCTAAAGAAGAAATTGAAGCAGTTGAA,*(P) Bacillota; (G) Gemella*,Mimon crenulatum,0.926,0.039,**0.024**,0,0
TTTTCAAAATTACCCGGGATTGGTCAAAAAACAGCGACTCGATTGGCTTTTTATACGATT,*(P) Bacillota; (S) Lactococcus lactis*,Mimon crenulatum,1,0.039,**0.024**,0,0
TATTCTATGCTTCCAGGAATAGGGAAAAAAACAGCTGTAAGATTGGCGTTTCATACTTTA,*(P) Bacillota; (G) Gemella*,Mimon crenulatum,0.926,0.039,**0.024**,0,0
CCAAAAAGTGCGTTAGCTATACTAGCTGGGGATAATAGTAATGATATAATTAATGCTATT,*(P) Bacillota; (G) Gemella*,Mimon crenulatum,0.775,0.039,**0.024**,0,0
AGATCTGAAGCTGGTAGTGCAGGTCGTGATACTCGTGGTTTAATAAGAATGCACCAATTT,*(P) Bacillota; (G) Gemella*,Mimon crenulatum,1,0.039,**0.024**,0,0
ATTTCCCTGGGGGATTACGTCTTAACAGGTGGAGAGCTAGCAGCTATGACCATGATTGAT,*(P) Bacillota; (G) Streptococcus*,Mimon crenulatum,0.926,0.039,**0.024**,0,0
CGGACCTTGCTTGTGGATTTGGGGGCGCGCCTCGGTTATGCAGCCCACATGTCCCAGCTT,*(P) Bacillota; (G) Streptococcus*,Mimon crenulatum,1,0.039,**0.024**,0,0
AACACGATCGTGTCGATCACCGCCCCCAACGGCGACGTCATCTCGTGGGCCTCCTCGGGC,*(P) Actinomycetota; (G) Corynebacterium*,Mimon crenulatum,0.775,0.039,**0.024**,0,0
GAACGTATTGCTGTTCAAGAAGCTCAAAAATTGAACATCCCAATCGTAGCGATGGTTGAT,*(P) Bacillota; (G) Enterococcus*,Mimon crenulatum,0.806,0.039,**0.02**,0,0
TACCAAGTTCCAGTTGAAGTACGTCCAGAACGTCGGATTACCTTGGGTCTTCGTTGGTTG,*(P) Bacillota; (G) Streptococcus*,Mimon crenulatum,0.971,0.039,**0.02**,0,0
GAGGTAGAAACAGATAAATTTAATTTTGAAATGCTGAATTTACCTAAAGATCATCCTGCC,*(P) Bacillota; (G) Gemella*,Mimon crenulatum,0.806,0.039,**0.02**,0,0
GGTGGTGGACCGACCGGACAGGCCGGCGCCTTCCGCCTCGCGATCGCCCGGGCGCTGAAC,*(P) Actinomycetota; (G) Corynebacterium*,Mimon crenulatum,0.806,0.039,**0.02**,0,0
GGTGGCGGTTTCACAGGACAAGCACAAGCAATCCGTCATGGTGTTGCACGTGCATTGTTA,*(P) Bacillota; (G) Mammaliicoccus*,Mimon crenulatum,0.806,0.039,**0.02**,0,0
TTCCATCAGATAGGGGTGGAATGTTTTGGATCAGATAATCCAGCGACGGATGTCGAAACG,*(P) Bacillota; (G) Streptococcus*,Mimon crenulatum,0.806,0.039,**0.02**,0,0
TTTCACCAAATCGGGGTTGAATGTTTCGGCTCGGCCAATCCTGCGACAGATGTTGAAACG,*(P) Bacillota; (G) Streptococcus*,Mimon crenulatum,0.971,0.039,**0.02**,0,0
TATGTCTTGATTGATACGGCAGGACGCTTGCAAATTGATGAAGCTTTGATGCAGGAATTG,*(P) Bacillota; (G) Streptococcus*,Mimon crenulatum,0.806,0.039,**0.02**,0,0
ATTTCTGGTCCATTTGTTAATATGGATGGGAAAATAATAAGTTTAAACTTAACAAAAGCT,*(P) Aenigmatarchaeota; (G) QMZS01*,Mimon crenulatum,0.806,0.039,**0.02**,0,0
ATGTACGAATTTTTGGATAAATTGGTATCTGTTTCTCTTCCACGTGTCCGTGACTTCCAC,*(P) Bacillota; (S) Streptococcus sobrinus*,Mimon crenulatum,0.806,0.039,**0.02**,0,0
TCAAAAGAAGCGGTTGGTCAAACAGCTGCATTTGTACGTAGCCTTCGCGCTCCAGAACCT,*(P) Bacillota; (G) Streptococcus*,Mimon crenulatum,0.971,0.039,**0.02**,0,0
CCAGCAGGTAAAGCTAACCCAGCTCCACCAGTTGGTCCAGCGTTAGGTCAAGCTGGTGTC,*(P) Bacillota; (G) Gemella*,Mimon crenulatum,0.971,0.039,**0.02**,0,0
CCTGCAGGCCAGGCGAACCCGGCTCCGCCGGTGGGCCCGGCGCTGGGTGCGGCCGGCGTG,*(P) Actinomycetota; (F) Mycobacteriaceae*,Mimon crenulatum,0.971,0.039,**0.02**,0,0
CTGCGCTTCGACTTCAGCTACACGGAGCAGTTGAGCCCGGAGCAGCTCGCGGAGATCGAA,*(P) Actinomycetota; (G) Corynebacterium*,Mimon crenulatum,0.806,0.039,**0.02**,0,0
CGGACCAAGGTGGCGGTCGTCGCCCGCGCCCGTGGGCTCAACGCCAAGGGCGCCTGCATC,*(P) Actinomycetota; (G) Corynebacterium*,Mimon crenulatum,0.806,0.039,**0.02**,0,0
TATACCAAATTGCCCGGTATCGGCATTAAGACAGCGACTCGCTTGGCCTTTTACACGATT,*(P) Bacillota; (G) Streptococcus*,Mimon crenulatum,0.971,0.039,**0.02**,0,0
AAGGCGGGTCGCCGTCTGGGTCGTGGTATCGGTTCTGGCCTCGGTAAAACCGGCGGTCGT,*(P) Pseudomonadota; (F) Enterobacteriaceae*,Mimon crenulatum,0.806,0.039,**0.02**,0,0
AAAGTCCGTAACCGTGTTGGTCGTGGGACTTCATCTGGTAATGGTAAAACGTCTGGTCGT,*(P) Bacillota; (F) Enterococcaceae*,Mimon crenulatum,0.971,0.039,**0.02**,0,0
CGTCAAAAGAAACGCGATTTCCGCAAATTGTGGATCACTCGTATCAATGCGGCTGCTCGT,*(P) Bacillota; (C) Bacilli*,Mimon crenulatum,0.806,0.039,**0.02**,0,0
GAAATTGAACGGGCAGTTAACAAAGTAAACGTGAGCCTTCATACTGCAAAACCAGGTATG,*(P) Bacillota; (G) Streptococcus*,Mimon crenulatum,0.806,0.039,**0.02**,0,0
CAGCTCGACCAACTCGAGCGTGGTTTCGCCTACCGTGCGGACGCCCCACTCGACATGCGG,*(P) Actinomycetota; (G) Corynebacterium*,Mimon crenulatum,0.971,0.039,**0.02**,0,0
CGGACCTTGCTTGTGGATTTGGGGGCGCGCCTTGGTTATGCAGCCCACATGTCCCAGCTT,*(P) Bacillota; (G) Streptococcus*,Mimon crenulatum,0.806,0.039,**0.02**,0,0
GCAATCGAATTGTTGCGTGAAAAAGGAATGGCCAAGGCTGCGAAAAAGGCAGACCGTGTT,*(P) Bacillota; (G) Streptococcus*,Mimon crenulatum,0.971,0.039,**0.02**,0,0
GCGATTGAATTGCTTCGTGAAAAAGGAATGGCCAAGGCTGCTAAAAAGGCAGATCGTGTC,*(P) Bacillota; (G) Streptococcus*,Mimon crenulatum,0.971,0.039,**0.02**,0,0
ATTGATGTTACAGGAACAACAAAAGGTAAAGGATTCCAAGGCGTTATCAAACGTCACGGA,*(P) Bacillota; (G) Enterococcus*,Mimon crenulatum,0.853,0.039,**0.016**,0,0
GTCGACGTCACCGGCACCTCCAAGGGCAAGGGCTTCGCCGGCGGCATGAAGCGTCACGGC,*(P) Actinomycetota; (C) Actinomycetes*,Mimon crenulatum,0.853,0.039,**0.016**,0,0
GCATGTGTTATCATTAAAGATGATAAAGGCCCACGTGGTACACGTATCTTTGGACCAGTT,*(P) Bacillota; (O) Staphylococcales*,Mimon crenulatum,0.853,0.039,**0.016**,0,0
AACATCTTCCCGGACCGTCCGCTGACCCAGAAGCCGCTCGGCGTGCGCATGGGTTCCGGC,*(P) Actinomycetota; (G) Corynebacterium*,Mimon crenulatum,1,0.039,**0.016**,0,0
GAGCAAATTGCTGTAAAAGAAGCGAAAAAATTGGGTATCCCTGTTGTAGCGATGGTCGAT,*(P) Bacillota; (G) Streptococcus*,Mimon crenulatum,0.853,0.039,**0.016**,0,0
GAGCACATCGCGGTCAACGAGGCGCAGAAGCTCGGGATCCCGGTCGTGGCGATCCTCGAT,*(P) Actinomycetota; (C) Actinomycetes*,Mimon crenulatum,0.853,0.039,**0.016**,0,0
GGTTCTGGGGTTGCTGCTGGTGGACCTGTTCGTGCCGTCTTGGAATTAGCAGGAGTAGCA,*(P) Bacillota; (S) Enterococcus_A ferrettii*,Mimon crenulatum,0.853,0.039,**0.016**,0,0
GGTACCGGTGTCATCGCCGGCGGTGCCGCCCGCCCGGTGCTCGAGTGCGCCGGGGTCCAG,*(P) Actinomycetota; (S) Corynebacterium nuruki*,Mimon crenulatum,1,0.039,**0.016**,0,0
AAGGGAGTTTGCACAAAGATCTTTACGTCAAAGCCCAAGAAGCCCAACTCGGCTATTCGC,*(P) Pseudomonadota; (C) Alphaproteobacteria*,Mimon crenulatum,0.853,0.039,**0.016**,0,0
GAACTGGAGACCGAGTACTTCAACTTCGACGCGCTGAACTTCCTGCCCGACCATCCGGCG,*(P) Actinomycetota; (F) Mycobacteriaceae*,Mimon crenulatum,1,0.039,**0.016**,0,0
GAAATCGAAGATGACTACCATAACTTCGATGCGCTGAATATCCCTGCGCACCACCCGGCA,*(P) Pseudomonadota; (G) Kluyvera*,Mimon crenulatum,1,0.039,**0.016**,0,0
CGCGTTGCCGTATTTACCCAGGGCCCTAACGCTGAAGCAGCTAAAGCTGCTGGCGCAGAG,*(P) Pseudomonadota; (G) Kluyvera*,Mimon crenulatum,0.853,0.039,**0.016**,0,0
CGCGTTCTTGTTTTTGCACGTGGTGCAAAGGCTGAAGAAGCAAAAGCAGCGGGTGCTGAC,*(P) Bacillota; (G) Streptococcus*,Mimon crenulatum,1,0.039,**0.016**,0,0
TTTAGTCAATTTGGTGTTGAAGCAATTGGCTCTGAAGATCCGAGTATTGATGCGGAAGTC,*(P) Bacillota; (G) Staphylococcus*,Mimon crenulatum,0.853,0.039,**0.016**,0,0
GTCTTGTTGATTGATACAGCAGGCCGTTTGCAAAACAAAGTTAATTTGATGAATGAGCTG,*(P) Bacillota; (S) Enterococcus_A ferrettii*,Mimon crenulatum,0.853,0.039,**0.016**,0,0
ATTTTATTGATTGATACGGCAGGAAGATTGCAAAATAAGGAACACCTCATGGCAGAATTG,*(D) Bacteria*,Mimon crenulatum,0.853,0.039,**0.016**,0,0
GTGGTCATCGTGGACACCGCCGGCCGTCTGGGCATCGACGAGGAACTGATGGGTCAGGCG,*(P) Actinomycetota; (G) Tsukamurella*,Mimon crenulatum,0.853,0.039,**0.016**,0,0
ATTTTATTGATTGATACAGCAGGGCGATTGCAAAACAAGGAACACCTCATGGCAGAATTG,*(D) Bacteria*,Mimon crenulatum,0.853,0.039,**0.016**,0,0
ATTTTGCTTGTGGATACTGCAGGACGTTTGCAAAATAAAGATAATTTGATGAAAGAGCTG,*(P) Bacillota; (S) Lactococcus lactis*,Mimon crenulatum,1,0.039,**0.016**,0,0
GGTGCCTTTGTTGAGCTGGAAAATGGC------GACAAGGGCCTGGTCCATATCTCAGAG,*(P) Methanobacteriota_A; (F) Methanocaldococcaceae*,Mimon crenulatum,0.853,0.039,**0.016**,0,0
GGAGTTTTTGTCGAGTTAGAAAATGGG------GAGAAGGGTCTTATCCATATTTCGGAG,*(P) Halobacteriota; (P) Halobacteriota*,Mimon crenulatum,1,0.039,**0.016**,0,0
GGAGCTTTTATAGAAACGTCTGATGGC------AAGGTAGGATTAATACATATTTCAGAA,*(P) Thermoplasmatota; (G) Halarchaeoplasma*,Mimon crenulatum,1,0.039,**0.016**,0,0
TCAAAAGAAACAGTTGGTCAAACAGCTGCATTTGTACGTAGCCTTCGCGCTCCAGAACCT,*(P) Bacillota; (G) Streptococcus*,Mimon crenulatum,0.853,0.039,**0.016**,0,0
CCAGCAGGTTCGGCGAATCCTTCGCCGCCAATCGGTCCAGCTCTTGGTCAGCGTGGTATT,*(P) Pseudomonadota; (G) HY038*,Mimon crenulatum,0.853,0.039,**0.016**,0,0
ATTAACTCTGTTCAAGAATTAGCTGATAAATCTGAAGCAGATATGATGAAAGTTCGTAAT,*(P) Bacillota; (S) Staphylococcus gallinarum*,Mimon crenulatum,1,0.039,**0.016**,0,0
TTAGCAGATGATTCAGGCTTGGCTGTAGATGCCTTAAACGGGATGCCAGGAGTTTATTCA,*(P) Bacillota; (S) Enterococcus_A ferrettii*,Mimon crenulatum,0.853,0.039,**0.016**,0,0
CTAGCCGGTGTCATGGGAGGAGAGAATACCGAAATTAGCGAGCAGTCCACTCGAATTGTT,*(P) Bacillota; (G) Streptococcus*,Mimon crenulatum,1,0.039,**0.016**,0,0
AAAAACCGTTCAGCCGTACGCGGTGGTGGACGTAAACCATGGAGACAAAAAGGTACAGGA,*(P) Bacillota; (G) Staphylococcus*,Mimon crenulatum,1,0.039,**0.016**,0,0
AAAGTCCGCAACCGTGTGGGTCGTGGTACTTCATCTGGTAACGGTAAGACTTCAGGTCGT,*(P) Bacillota; (O) Lactobacillales*,Mimon crenulatum,0.853,0.039,**0.016**,0,0
CGTGCAAACAAGGGTAATTTCCGTAAATTATGGATTGCACGTATTAACGCTGCATCAAGA,*(P) Bacillota; (G) Lentilactobacillus*,Mimon crenulatum,0.853,0.039,**0.016**,0,0
CGTCAGAAAAAACGCGACTTCCGCAAATTGTGGATTGCACGTATCAACGCTGCAGCTCGT,*(P) Bacillota; (S) Enterococcus_A pallens*,Mimon crenulatum,0.853,0.039,**0.016**,0,0
GAAATGAAGCCAGGCAAGGGCGGTCAAATTGCCCGTTCTGCTGGTACTTACGCCCAGCTC,*(P) Pseudomonadota; (S) HY038 sp014117425*,Mimon crenulatum,0.926,0.039,**0.012**,0,0
GTTGATGTTACCGGAACTTCTAAAGGTAAAGGTTTCCAAGGCCCAATCAAACGTCATGGA,*(P) Bacillota; (G) Lactococcus*,Mimon crenulatum,0.926,0.039,**0.012**,0,0
CGTGGAGTTGCAACTCGTGTCGGAACTATGACTCCGAAAAAACCCAACTCAGCCTTGCGT,*(P) Bacillota; (G) Streptococcus*,Mimon crenulatum,0.926,0.039,**0.012**,0,0
CGTGGTGTGGCAACTCGTGTCGGAACTATGACTCCGAAAAAACCCAACTCAGCCTTGCGT,*(P) Bacillota; (G) Streptococcus*,Mimon crenulatum,0.926,0.039,**0.012**,0,0
TGGAGCCGTCGCTCCACTATTTTGCCGCAATTTGTGGGCTTGACCTTTGGTGTATATAAC,*(P) Pseudomonadota; (G) HY038*,Mimon crenulatum,0.926,0.039,**0.012**,0,0
TGGTCGCGCCGTTCGACCATCATCCCCGACTTCATCGGGCACACCTTTGCCGTCCACGAC,*(P) Actinomycetota; (S) Gordonia oryzae*,Mimon crenulatum,0.926,0.039,**0.012**,0,0
CGCGTTGCTGTATTTGCTCGTGGCGATAAGGCTGAAGAAGCAAAAGCTGCTGGTGCAGAT,*(P) Pseudomonadota; (S) HY038 sp014117425*,Mimon crenulatum,0.926,0.039,**0.012**,0,0
TATGTCCTGATTGATACGGCAGGTCGGCTGCAGATTGACCAAACTTTGATGGCGGAATTG,*(P) Bacillota; (G) Streptococcus*,Mimon crenulatum,0.926,0.039,**0.012**,0,0
GGCGCGTTCGTCCGCGTCGAGGAGGGC------ATCGAGGGCCTGGTGCACATCTCCGAG,*(P) Actinomycetota; (P) Actinomycetota*,Mimon crenulatum,0.926,0.039,**0.012**,0,0
GGAGCTTTTATCGACATAGGATTAAAG------CAAGATGCAATGGTTCATATTTCAAAA,*(P) Aenigmatarchaeota; (G) JAGGXH01*,Mimon crenulatum,0.926,0.039,**0.012**,0,0
GGAGCCTTTGTGGAATTGGAAAATGGT------GAAAAGGGTTTGATCCATATTTCAGAG,*(P) Methanobacteriota_A; (O) Methanococcales*,Mimon crenulatum,0.926,0.039,**0.012**,0,0
GGTGCATTCATTGATTTAGGTGGCGTG---------GATGGTTTAGTTCATGTTTCTGAA,*(P) Bacillota; (S) Paucilactobacillus wasatchensis*,Mimon crenulatum,0.926,0.039,**0.012**,0,0
GTCGTGGCCGCCGTGGAGCGTTCCCTGGAGGACCCTGAGACCGGGGTCGTCGTCACCCAC,*(P) Nanoarchaeota; (F) GW2011-AR1*,Mimon crenulatum,0.926,0.039,**0.012**,0,0
ATTGACGGGGCGTTTTCAGATTATACTGGAAAAATCACAGAAATTGACAATGGCAAGGTG,*(P) Thermoproteota; (G) JALURD01*,Mimon crenulatum,0.926,0.039,**0.012**,0,0
ATGTATGAGTTCTTGGACAAATTAGTGTCTGTATCTCTTCCACGTGTACGTGACTTCCAC,*(P) Bacillota; (G) Enterococcus_A*,Mimon crenulatum,0.926,0.039,**0.012**,0,0
ATAAATACTGTTCAAGAATTAGCTAACAAAAATGAACAAGAAATGATAAAAGTAAGAAAC,*(P) Bacillota; (G) Gemella*,Mimon crenulatum,0.926,0.039,**0.012**,0,0
TTAGCAGATGATTCAGGTTTATCTGTCGATGTTTTAGGCGGCCTTCCTGGGGTCTGGTCG,*(P) Bacillota; (G) Streptococcus*,Mimon crenulatum,0.926,0.039,**0.012**,0,0
GTCGCCGACGATTCGGGCCTCTGCGTCGGGGAACTCGGGGGGATGCCCGGGGTGCTCTCC,*(P) Actinomycetota; (G) Corynebacterium*,Mimon crenulatum,0.926,0.039,**0.012**,0,0
TTAGCAGATGATTCAGGTTTATCTGTTGATATTTTAGGCGGCCTTCCTGGGGTCTGGTCG,*(P) Bacillota; (G) Streptococcus*,Mimon crenulatum,0.926,0.039,**0.012**,0,0
TTACGTTTTGACTTTTCACACTTTGGTCCAATGACACAAGAAGAAATTGCGCATGTAGAA,*(P) Bacillota; (G) Staphylococcus*,Mimon crenulatum,0.926,0.039,**0.012**,0,0
ATTGCAGGAGTAATGGGAGGAAAAGATACAGAAGTAAATGATAATACTGTTAATTTAATA,*(P) Bacillota; (G) Gemella*,Mimon crenulatum,0.926,0.039,**0.012**,0,0
TTTTCAAAATTACCAGGGATTGGTCAAAAAACAGCGACTCGATTGGCTTTTTATAAGATT,*(P) Bacillota; (S) Lactococcus lactis*,Mimon crenulatum,0.926,0.039,**0.012**,0,0
TACTCTAAACTACCTGGAATTGGTATTAAAACAGCCACTCGTCTCGCTTTTTACACGATT,*(P) Bacillota; (G) Streptococcus*,Mimon crenulatum,0.926,0.039,**0.012**,0,0
TTCATGAAACTGCCAGGCATTGGACCCAAGACGGCCCAACGTCTGGCATTTCATGTATTA,*(P) Bacillota; (G) Staphylococcus*,Mimon crenulatum,0.926,0.039,**0.012**,0,0
AAAGTCCGTAACCGTGTTGGTCGTGGGACCTCATCTGGTAATGGTAAAACGTCTGGTCGT,*(P) Bacillota; (F) Enterococcaceae*,Mimon crenulatum,0.926,0.039,**0.012**,0,0
CGTCAGCGTAAGCGTCAGTTCCGTCAGCTGTGGATTGCACGTATCAACGCAGCAGCTCGT,*(P) Pseudomonadota; (G) Morganella*,Mimon crenulatum,0.926,0.039,**0.012**,0,0
GAAGCACATGTAGGTAAGTCAATCGTAATGAAGCGCTTTCACGTTCGCGGTCGCGGTCGT,*(P) Pseudomonadota; (S) HY038 sp014117425*,Mimon crenulatum,0.926,0.039,**0.012**,0,0
GAAATCGAACGCGCTGCAAACCGTGTGAACATTTCAATCCACACAGCTAAGCCTGGTATG,*(P) Bacillota; (S) Enterococcus_A ferrettii*,Mimon crenulatum,0.926,0.039,**0.012**,0,0
CGACGGGAGGCTGGCTCCTACGGCAAGGACACCCGCGGGATCCTGCGGGTACACCAGTTC,*(P) Actinomycetota; (G) Corynebacterium*,Mimon crenulatum,0.926,0.039,**0.012**,0,0
CAGCTGGACGACGCGGAGCGCGGATTCTCCTTTATGCGTGACGGGCCGCTGGATATGCGG,*(P) Pseudomonadota; (S) Morganella morganii*,Mimon crenulatum,0.926,0.039,**0.012**,0,0
GTTTCGCTGGGAGATTATGTTCTGACGGGGGGCGAGCTGGCAGCCATGACGATGATCGAT,*(P) Bacillota; (G) Streptococcus*,Mimon crenulatum,0.926,0.039,**0.012**,0,0
CGCGCCCTGGCCCGGGACCTGGGGCTGGCACTCGGCGTGGGTGGACACGTCACGGCCCTG,*(P) Actinomycetota; (O) Mycobacteriales*,Mimon crenulatum,0.926,0.039,**0.012**,0,0
GCCGTGGAGACCCTGCGTATCAAGGGCGCCAAGGACGTCGGCAAACGTGCCGAGCGAAAC,*(P) Actinomycetota; (G) Corynebacterium*,Mimon crenulatum,0.926,0.039,**0.012**,0,0
AATACTATTATTTCGATTACAGATGCTAAAGGTAATGTGTTAACATGGGCATCAGCAGGT,*(D) Bacteria*,Mimon crenulatum,0.926,0.039,**0.012**,0,0
GAGCTCAAGCCCGGCGCAGGTGCGAAGTTGGCCCGTTCGGCCGGTGCGTCCATCCAGCTC,*(P) Actinomycetota; (G) Corynebacterium*,Mimon crenulatum,1,0.039,**0.008**,0,0
GTCGACGTCACCGGCACGTCCAAGGGCAAGGGCTTCGCCGGCCCCATGAAGCGGCACGGC,*(P) Actinomycetota; (S) Mycobacterium sp001666755*,Mimon crenulatum,1,0.039,**0.008**,0,0
GGTACAGGTGTTATTGCAGGTGGACCAGTTCGTGCCGTACTTGAATTAGCAGGTATCACT,*(P) Bacillota; (S) Staphylococcus massiliensis*,Mimon crenulatum,1,0.039,**0.008**,0,0
GGGGCCGGAGTTGCTGCTGGTGGTGCTGTTCGTGCCGTCATTGAATTGGCAGGTATTGCG,*(P) Bacillota; (G) Streptococcus*,Mimon crenulatum,1,0.039,**0.008**,0,0
GGTACTGGTATCATTGCAGGTGGTCCAATGCGTGCAGTGTTTGAAACACTTGGCATGCAA,*(P) Pseudomonadota; (G) HY038*,Mimon crenulatum,1,0.039,**0.008**,0,0
CGTGGAGTAGCAACTCGTGTTGGTACTATGACTCCTAAAAAACCTAACTCAGCGCGTCGT,*(P) Bacillota; (G) Lactococcus*,Mimon crenulatum,1,0.039,**0.008**,0,0
AAAGATCATCATTCTTACCGTGGACTAATGAAAAAAATTGGACACCGTCGTAACTTGTTA,*(P) Bacillota; (G) Enterococcus*,Mimon crenulatum,1,0.039,**0.008**,0,0
TGGTCCCGACGCTCGACCATTCTTCCAGATTTCATTGGTCACACCTTTGCTGTCCACGAC,*(P) Actinomycetota; (G) Corynebacterium*,Mimon crenulatum,1,0.039,**0.008**,0,0
GATATCGAGACGGATTATTATAATTTTACCGCACTTAACTTTCCTGAAGGTCACCCTGCG,*(P) Pseudomonadota; (S) HY038 sp025449335*,Mimon crenulatum,1,0.039,**0.008**,0,0
CGGGTCCTGGTCTTCGCGACCGGTGACCGTGCCGAGGCCGCGCGTGCCGCGGGCGCCGAC,*(P) Actinomycetota; (F) Streptomycetaceae*,Mimon crenulatum,1,0.039,**0.008**,0,0
TCTGTTTTAGTATTCGCAAAAGGCGAAAAAGCGAAAGAAGCAGAAGCAGCAGGCGCTGAT,*(P) Bacillota; (S) Enterococcus_A ferrettii*,Mimon crenulatum,1,0.039,**0.008**,0,0
GGCGGAGGCTACGCTGGACAATCAGGCGCTATCCGTCATGGTATCGCTCGTGCGTTACTA,*(P) Bacillota; (G) Enterococcus_A*,Mimon crenulatum,1,0.039,**0.008**,0,0
TTTCATCAGATAGGAGTGGAGTGTTTTGGCTCAGACAATCCAGCAACGGATGTCGAAACG,*(P) Bacillota; (G) Streptococcus*,Mimon crenulatum,1,0.039,**0.008**,0,0
CTGACACAAGCGGGCATCGAATTGATCGGTTATTCTTCGTTGAAAGCAGAAGTGGAGTGT,*(P) Bacillota; (S) Enterococcus dunnyi*,Mimon crenulatum,1,0.039,**0.008**,0,0
TATGTCTTGATTGATACAGCAGGACGCTTGCAAATTGATGAAGCCTTGATGCAGGAGTTG,*(P) Bacillota; (G) Streptococcus*,Mimon crenulatum,1,0.039,**0.008**,0,0
GTATTATTATGCGATACAGCAGGAAGACTTCAAAATAAAGATCATTTGATGAAAGAATTA,*(P) Bacillota_A; (G) UBA3738*,Mimon crenulatum,1,0.039,**0.008**,0,0
GTTTTGCTAGTGGATACAGCAGGTCGTTTACAAAACAAAGTCAACTTAATGAAGGAATTA,*(P) Bacillota; (S) Enterococcus faecalis*,Mimon crenulatum,1,0.039,**0.008**,0,0
ATTTTATTGATTGATACGGCAGGCCGCTTGCAAAACAAGGAACACCTCATGGCAGAATTG,*(P) Bacillota_I; (G) CALUXS01*,Mimon crenulatum,1,0.039,**0.008**,0,0
GGTGCATTCGTTGATCTAGGTGGCATT---------GATGGCTTGTTGCATGTGACCGAC,*(P) Pseudomonadota; (S) HY038 sp014117425*,Mimon crenulatum,1,0.039,**0.008**,0,0
GGTGCGTTTATCGATTTAGGGGAAGGG------AAAACAGGCTTAGTCCATATCAGTGAA,*(P) Bacillota; (S) Enterococcus_A ferrettii*,Mimon crenulatum,1,0.039,**0.008**,0,0
GGTGCATTCGTTGATCTGGGTGGCGTT---------GACGGCCTGCTGCACATCACCGAC,*(P) Pseudomonadota; (F) Enterobacteriaceae*,Mimon crenulatum,1,0.039,**0.008**,0,0
TTACAGCAGCGAATATTAGCAGCAGGCAAC---CAATTTGATGGTGTGGTTATTACACAT,*(P) Bacillota; (S) Leuconostoc pseudomesenteroides*,Mimon crenulatum,1,0.039,**0.008**,0,0
ATGTATGAATTCTTGGATAAATTAATTTCAGTTTCATTACCACGTGTACGTGACTTCCGC,*(P) Bacillota; (F) Staphylococcaceae*,Mimon crenulatum,1,0.039,**0.008**,0,0
GATAAACAAAAGGTTGGACAAGTTGCTGCTGAGATCCGTGAATATCGCGGTCCAGAACCT,*(P) Pseudomonadota; (S) HY038 sp014117425*,Mimon crenulatum,1,0.039,**0.008**,0,0
CCTGCCGGTAACGCGACTCCAGCTCCACCCGTTGGACCTGCACTTGGTCAAGCCGGAATC,*(P) Bacillota; (O) Lactobacillales*,Mimon crenulatum,1,0.039,**0.008**,0,0
CAGGCAGGCCAGGCCAACCCGGCTCCGCCCGTGGGTCCGGCGCTCGGTCAGCACGGCGTG,*(P) Actinomycetota; (G) Gordonia*,Mimon crenulatum,1,0.039,**0.008**,0,0
GTGCCGCTGCCGACGGAGAAGAACATCTACTGCGTCATCCGCTCGCCGCACAAGTACAAG,*(P) Actinomycetota; (O) Mycobacteriales*,Mimon crenulatum,1,0.039,**0.008**,0,0
ATTCCATTACCAACGGAAAAAGTAGTTTATACAATATTACGTTCAGTTCACATTTACAAA,*(P) Bacillota; (G) Gemella*,Mimon crenulatum,1,0.039,**0.008**,0,0
ATTCCATTACCAACCGAACGCAGTCTTTACACTGTAATCCGCGCGACTCATAAATACAAA,*(P) Bacillota; (S) Enterococcus_A ferrettii*,Mimon crenulatum,1,0.039,**0.008**,0,0
ATCCACTATATCGGTGATCTGGTACAGCGTACCGAGGTTGAGCTTCTTAAGACGCCTAAC,*(P) Pseudomonadota; (F) Enterobacteriaceae*,Mimon crenulatum,1,0.039,**0.008**,0,0
ATTAACACTGTTGCTGATATTGTTGAATTGAGCGAAGCTGACATGATTAAAGTCAAAAAC,*(P) Bacillota; (G) Lactococcus*,Mimon crenulatum,1,0.039,**0.008**,0,0
ATTGCAGATGATAGTGGGCTAGAAATAGATTTATTAAACGGAGAACCTGGTGTTTACTCA,*(P) Bacillota; (G) Gemella*,Mimon crenulatum,1,0.039,**0.008**,0,0
GTCGCCGACGATTCGGGCCTCTGCGTCGGGGAACTCGGCGGGATGCCCGGGGTGCTCTCC,*(P) Actinomycetota; (G) Corynebacterium*,Mimon crenulatum,1,0.039,**0.008**,0,0
TTGGCGGATGATTCCGGTTTATCTGTCGCTATTTTAGGCGGTCTGCCTGGGGTCTGGTCA,*(P) Bacillota; (G) Streptococcus*,Mimon crenulatum,1,0.039,**0.008**,0,0
TTGCGGTTTGATTTCACGCATTTCCAAGCGGTAACACCCGAAGAGTTGCGTCAAATCGAA,*(P) Bacillota; (G) Streptococcus*,Mimon crenulatum,1,0.039,**0.008**,0,0
TTAGCCGGTGTCATGGGAGGAGAGAATACCGAAATTAGCGAGCAGTCAACTCGTATCGTC,*(P) Bacillota; (G) Streptococcus*,Mimon crenulatum,1,0.039,**0.008**,0,0
TTCTCCCGGCTCCCCGGCGTCGGCCCGAAATCCGCGCAGCGTATCGCCTTCCACCTGCTG,*(P) Actinomycetota; (G) Corynebacterium*,Mimon crenulatum,1,0.039,**0.008**,0,0
TTTTCCCGACTTCCTGGAATCGGCCCCAAAAGCGCTCAGCGCATAGCCTTCCATATCCTG,*(P) Actinomycetota; (G) Corynebacterium*,Mimon crenulatum,1,0.039,**0.008**,0,0
AAAAATCGTAAGCGTACATTCCGCGCATTGTGGATTCAGCGTATTAACGCTGCCGTTCGC,*(P) Pseudomonadota; (G) HY038*,Mimon crenulatum,1,0.039,**0.008**,0,0
CGTCAAAGAAAACGTGATTTCCGTAAATTGTGGATTACACGTATCAATGCAGCTGCACGT,*(P) Bacillota; (G) Staphylococcus*,Mimon crenulatum,1,0.039,**0.008**,0,0
GAGGCATACGCTGATGAGGGACCAACCATGCGTCGCTTCCAGCCTCGTGCTCAGGGCCGT,*(P) Actinomycetota; (G) Corynebacterium*,Mimon crenulatum,1,0.039,**0.008**,0,0
CGACGGGAGGCCGGTTCCTACGGCAAGGACACCCGCGGGATCCTGCGGGTACACCAGTTC,*(P) Actinomycetota; (G) Corynebacterium*,Mimon crenulatum,1,0.039,**0.008**,0,0
CAATTAGACGAACAGGAGCGAGGGTTTTCTTACAAAAAAGAAGCCAGTCTTGATATGAGA,*(P) Bacillota; (G) Streptococcus*,Mimon crenulatum,1,0.039,**0.008**,0,0
GTGTCGCTCGGCGACTTCGTCCTGATCGGCGGCGAGGTGGCCGCGATGGCGATGATCGAG,*(P) Actinomycetota; (G) Gordonia*,Mimon crenulatum,1,0.039,**0.008**,0,0
ATATCAATTGGTGATTATATATTATCGGGTGGTGAAACCGCAGCTTTGGTTATTCTTGAC,*(P) Pseudomonadota; (S) HY038 sp014117425*,Mimon crenulatum,1,0.039,**0.008**,0,0
GTTTCGCTGGGAGATTATGTTCTGACGGGGGGGGAGCTGGCGGCCATGACGATGATCGAT,*(P) Bacillota; (G) Streptococcus*,Mimon crenulatum,1,0.039,**0.008**,0,0
AGAACTGTAGCTACTCAAATAGGAGAAAAGTTGAATTTACCAAGTACCATGAGTAATTTA,*(P) Bacillota; (G) Gemella*,Mimon crenulatum,1,0.039,**0.008**,0,0
CGCTCGCTCGCCCGCGATCTCGGGGAAGGGCTCGCGGTCGGCGGACACCTCACCGCGCTC,*(P) Actinomycetota; (O) Actinomycetales*,Mimon crenulatum,1,0.039,**0.008**,0,0
CGCGCCCGGGCCCGGGACCTGGGGCTGGCACTCGGCGTGGGTGGACACGTCACGGCCCTG,*(P) Actinomycetota; (F) Microbacteriaceae*,Mimon crenulatum,1,0.039,**0.008**,0,0
AAGGAAATTGCACTGGAAAAAGCAGGGGTTGAAGCCAAACAGCCAAATCCTGCCATTAGG,*(D) Archaea*,Phyllostomus discolor,0.945,0.037,0,0,**0.014**
TTTCACCAGATTGGGGTGGAGTGCTTTGGCTCTTCCAACCCAGCTACAGATGTTGAGACT,*(P) Bacillota; (S) Streptococcus hyointestinalis*,Phyllostomus discolor,0.822,0.037,0,0,**0.014**
CTGCGCTTCGACTACCAGTCCACCCACGGCATGTCGGACGAGCTGAAGAAGGAGATCGAG,*(P) Actinomycetota; (G) Arachnia*,Phyllostomus discolor,0.822,0.037,0,0,**0.014**
CGCTCCAAGATCGCGGTCGTGAGCCACGACGCCAGCGTCTCCGCGAAGGGTGCCTGCATC,*(P) Actinomycetota; (G) Arachnia*,Phyllostomus discolor,0.822,0.037,0,0,**0.014**
ATGTGGGAATTCCTCGACCGTCTCACCACGGTTGCTCTCCCGCGCATCCGCGACTTCCGC,*(P) Actinomycetota; (G) Dietzia*,Phyllostomus discolor,0.918,0.037,0,0,**0.011**
CGCGCCAAGAAGGGCGACTTCCGCCGCCTGTGGATCCAGCGCATCAACGCTGGCGCCCGC,*(P) Actinomycetota; (F) Dermatophilaceae*,Phyllostomus discolor,0.918,0.037,0,0,**0.011**
GAGATCGAGCGCACCCGTGACCGGGTCCGCGTCGACATCCACACCGCCCGTCCGGGCATC,*(P) Actinomycetota; (C) Actinomycetes*,Phyllostomus discolor,1,0.037,0,0,**0.008**
TGGTCTCGTCGTTCAACAATCTTCCCAACATTTATTGGACTTACTTTTGCAGTATATGAC,*(P) Bacillota; (G) Gemella*,Phyllostomus hastatus,0.936,0.037,0.049,**2.122**,0
ATGTATGAGTTTCTTGATAAATTAGTAACTGTAGCTCTTCCACGTGTACGTGACTTCCAC,*(P) Bacillota; (C) Bacilli*,Phyllostomus hastatus,0.974,0.037,0,**1.98**,0
AAAGGACGTTCTGAAGTTTCAGGTGGTGGTCGCAAACCATGGCGTCAAAAAGGAACAGGT,*(P) Bacillota; (G) Gemella*,Phyllostomus hastatus,0.977,0.037,0,**1.739**,0
GAAATTGAAAGATTTGATAAAAAAATAAACATCTCAGTACACACTGGAAAACCAGGTATG,*(P) Bacillota; (S) Gemella sp013415425*,Phyllostomus hastatus,0.967,0.037,0,**1.66**,0
GTTGACGTAACAGGAGTAAGTAAAGGTAAAGGATTCCAAGGGGCTATTAAACGTCACGGA,*(P) Bacillota; (S) Gemella sanguinis*,Phyllostomus hastatus,0.987,0.037,0,**1.657**,0
GCTTGTGTAATTATCCGAGATGATAAGAGCCCACGTGGTACTCGTATTTTTGGACCAGTT,*(P) Bacillota; (S) Gemella sanguinis*,Phyllostomus hastatus,0.968,0.037,0,**1.652**,0
ATAAATACTGTTCAAGAATTAGCTAACAAAACTGAACAAGAAATGATAAAAGTAAGAAAC,*(P) Bacillota; (S) Gemella cuniculi*,Phyllostomus hastatus,0.951,0.037,0,**1.649**,0
GACAAAGAAGTAGTAGGACAATATGCAGCTAAAGTTCGTGCAATCCGTCCTCCAGAACCA,*(P) Bacillota; (G) Gemella*,Phyllostomus hastatus,0.966,0.037,0,**1.638**,0
GAATTAAAACCTGGTAAAGGTGGACAATTAGTACGTTCAGCTGGAGCAAGTGCTCAAGTA,*(P) Bacillota; (S) Gemella palaticanis*,Phyllostomus hastatus,0.991,0.037,0,**1.633**,0
CAAGCATTTGCTAACGAAGGACCAACTTTAAAACGTTTCCGTCCAAGAGCAAAAGGTGCT,*(P) Bacillota; (G) Gemella*,Phyllostomus hastatus,0.959,0.037,0.02,**1.611**,0
GGTACTGGGGTTATAGCTGGAGGACCTGTTCGTGCCGTATTAGAATTAGCAGGTATTTCA,*(P) Bacillota; (G) Gemella*,Phyllostomus hastatus,0.965,0.037,0,**1.597**,0
AAAATCTTCCCGCAAATGCCTTACACTAAAAAACCTTTAGAAGTACGTATGGGATCTGGT,*(P) Bacillota; (G) Gemella*,Phyllostomus hastatus,0.97,0.037,0.004,**1.57**,0
ATTCCATTACCAACAGAAAAAGCAGTTTACACAATCTTACGTTCAGTTCACATTTACAAA,*(P) Bacillota; (G) Gemella*,Phyllostomus hastatus,0.944,0.037,0,**1.557**,0
AAAGAGCGTAATAGAGTAGGTCGTGGGATTGGATCAGGAAACGGAAAAACAAGTGGACGT,*(P) Bacillota; (G) Gemella*,Phyllostomus hastatus,0.968,0.037,0,**1.513**,0
AACTCAATAGTAACAATTACAGATGAGCATGGTAATGCAGTATCATGGTCAAGTGCAGGA,*(P) Bacillota; (G) Gemella*,Phyllostomus hastatus,0.957,0.037,0.049,**1.437**,0
TTCGTTCAATACGGAGTAGAAGTTATAGGAGATCAAAGTCCAAAGATTGATGCAGAAGTA,*(P) Bacillota; (G) Gemella*,Phyllostomus hastatus,0.969,0.037,0,**1.415**,0
ATGAAAAAAAGAGTAGAACAAGCGGTAGAAGAAGGTTTCTCAGGAGTTGTTATTACGCAT,*(P) Thermoproteota; (G) HRBIN02*,Phyllostomus hastatus,0.965,0.037,0,**1.263**,0
AGATCTGAAGCTGGAAGTGCAGGACGTGATACTCGTGGTTTAATCAGAATGCACCAATTC,*(P) Bacillota; (G) Gemella*,Phyllostomus hastatus,0.977,0.037,0,**1.252**,0
TACCAAGTACCAGTTGAAGTACGTCCAGAAAGAAGAATTACATTAGGGTTACGTTGGTTA,*(P) Bacillota; (C) Bacilli*,Phyllostomus hastatus,0.955,0.037,0,**1.212**,0
CCTAAAAGTGCTTTAGCCATCTTAGCAGGAGATAATAGTAATGACATAATAAATGCTATA,*(P) Bacillota; (G) Gemella*,Phyllostomus hastatus,0.974,0.037,0,**1.187**,0
GGTGGAGGATATACAGGACAAGCTCAAGCAATCCGTCACGGAATTGCTCGTGCATTATTA,*(P) Bacillota; (S) Gemella sp013415425*,Phyllostomus hastatus,0.966,0.037,0,**1.184**,0
AAAGTTTTAGTTTTTGCTAAAGGTGATAAAGCTGCAGAAGCTGAAGCTGCAGGAGCTGAC,*(P) Bacillota; (G) Gemella*,Phyllostomus hastatus,0.972,0.037,0,**1.179**,0
AGAGGTGTATGTACTCGTGTTGGGACTATGACACCTAAAAAACCTAACTCAGCTTTACGT,*(P) Bacillota; (G) Gemella*,Phyllostomus hastatus,0.97,0.037,0.045,**1.163**,0
GCTATTGATTACTTAAGAGAAAATGGTATTGCTAAAGCTGCTAAAAAAGCTGACCGTATT,*(P) Bacillota; (G) Gemella*,Phyllostomus hastatus,0.965,0.037,0,**1.133**,0
CTTCGTTTTGACATCACGCACTTTGCTCCGCTAACTAAAGAAGAGATTGAAAAAGTTGAA,*(P) Bacillota; (G) Gemella*,Phyllostomus hastatus,0.955,0.037,0,**1.119**,0
CCAGCAGGTAAAGCTAACCCAGCTCCACCAGTTGGTCCAGCGTTAGGTCAAGCTGGTGTA,*(P) Bacillota; (G) Gemella*,Phyllostomus hastatus,0.972,0.037,0,**1.106**,0
AGAACAAAAATAGCTGTTTATTCAGAAGATAAAAATGTTGATCCAGTAGGAGCATGTGTA,*(P) Bacillota; (G) Gemella*,Phyllostomus hastatus,0.962,0.037,0,**1.103**,0
CGTCAAACAAAACGTAACTTTAGAAGATTATGGATCGTTCGTATCAATGCGGCAGCTAGA,*(P) Bacillota; (G) Gemella*,Phyllostomus hastatus,0.949,0.037,0,**1.092**,0
CTATCAATAGGGGATTATATTTTGACCGGTGGAGAACTTCCGGCGATGACGATAATAGAC,*(P) Bacillota; (G) Gemella*,Phyllostomus hastatus,0.957,0.037,0,**1.073**,0
CAATTAGATACCCCTGAAAGAGGATTTAGTTACAATTATGATACAAAATTAGATATGAGA,*(P) Bacillota; (G) Gemella*,Phyllostomus hastatus,0.972,0.037,0,**1.059**,0
CGTAAAAAATTACCATTCGGTATCGGACAAATAGGAAAATCTTTCCGTAATGAGATTACT,*(D) Bacteria*,Phyllostomus hastatus,0.975,0.037,0,**1.057**,0
GAACACAACGCAATTGCAGAAGCTAAAAAATTAGGAATTCCAGTAGTAGGTATTGTAGAT,*(P) Bacillota; (G) Gemella*,Phyllostomus hastatus,0.959,0.037,0,**1.049**,0
GTTCTGTTATGTGATACAGCAGGTCGTTTACAAAATAAAGATCATCTAATGAAAGAATTA,*(D) Bacteria*,Phyllostomus hastatus,0.946,0.037,0,**1.011**,0
TATTCTATGCTTCCAGGAATAGGGAAGAAAACAGCTGTAAGATTGGCATTTCATACATTG,*(P) Bacillota; (G) Gemella*,Phyllostomus hastatus,0.951,0.037,0,**1.008**,0
GGAGCATTTGTAGAATTA------TTCCCAGGAGTAGATGCTTTAGTACATATTTCAAAA,*(P) Thermoplasmatota; (O) DHVEG-1*,Phyllostomus hastatus,0.974,0.037,0,**0.981**,0
CTTGCAGGGGTTATGGGAGGAAAATCTACAGAAGTTAGCGACAAAACAATTAATTTAGTA,*(P) Bacillota; (G) Gemella*,Phyllostomus hastatus,0.972,0.037,0,**0.978**,0
TATGTAATTATTGATACAGCCGGAAGATTACATATAGATGAAGTTCTTATGGACGAGTTA,*(P) Bacillota; (G) Gemella*,Phyllostomus hastatus,0.938,0.037,0,**0.945**,0
GAGGTTGAAACAGATAAATTTAATTTCGAGATGTTGAACTTACCGAAAGATCACCCAGCA,*(P) Bacillota; (G) Gemella*,Phyllostomus hastatus,0.992,0.037,0,**0.91**,0
AGAACAATAGCTACTCAAATCGGAGAAAAATTAAACTTACCTAGCACGATGAGTAAATTA,*(P) Bacillota; (G) Gemella*,Phyllostomus hastatus,0.907,0.037,0,**0.823**,0
GGTGCTTTCATAGAAACACGTGAAGGG------AAAATAGGTTTAATACACATTTCTGAA,*(P) Thermoplasmatota; (G) Halarchaeoplasma*,Phyllostomus hastatus,0.974,0.037,0,**0.657**,0
ATTTCAGGACCGTTTATGAATATGGATGGAAAAATAGTAAGTTTAGATTTAGCTAAAGTA,*(P) Thermoproteota; (G) Culexmicrobium*,Phyllostomus hastatus,0.963,0.037,0,**0.378**,0
AACTCAATAGTAACAATCACAGATGAGCATGGTAATGCAGTATCATGGTCAAGTGCAGGA,*(P) Bacillota; (G) Gemella*,Phyllostomus hastatus,0.938,0.037,0,**0.144**,0
GAGATTGAAAGTGATTATTATAATTTTGATGCGTTAAATATTCCTAAACATCATCCTGCA,*(P) Pseudomonadota; (S) Rodentibacter sp001999335*,Phyllostomus hastatus,0.849,0.037,0,**0.057**,0
AAAGATCACGCAGGACGTCGTGGATTATTAAAAAAAGTATACCGTCGTCGTCACTTATTA,*(P) Bacillota; (G) Gemella*,Phyllostomus hastatus,0.797,0.037,0,**0.043**,0
CAATTAGATACACCTGAGAGAGGGTTTAGTTATAATTACGATACAAAATTAGATATGAGA,*(P) Bacillota; (G) Gemella*,Phyllostomus hastatus,0.918,0.037,0,**0.043**,0
GTATTATTATGTGATACGGCTGGTCGTTTACAAAATAAAGATCATCTAATGAAAGAATTA,*(D) Bacteria*,Phyllostomus hastatus,0.918,0.037,0,**0.033**,0
AAAGACCACGCTACCTACCGTGGTTTGATGAAAAAAATCGGTCGCCGTCGTAACCTTCTT,*(P) Bacillota; (G) Streptococcus*,Phyllostomus hastatus,0.853,0.044,0,**0.024**,0.005
TGGTCCCGTCGTTCAATGATCATTCCATCAATGATTGGATTGACCATCGCTGTCCATAAT,*(P) Pseudomonadota; (O) Enterobacterales*,Phyllostomus hastatus,0.949,0.037,0,**0.024**,0
GGGGCATTTGTAGAATTA------TTCCCAGGAGTTGATGCTTTAGTACATATTTCAAAA,*(P) Thermoproteota; (G) Geocrenenecus*,Phyllostomus hastatus,0.949,0.037,0,**0.024**,0
GAATTGAAACCTGGTAAAGGTGGACAATTAGTACGTTCAGCTGGTGCAAGTGCGCAAGTA,*(P) Bacillota; (G) Gemella*,Phyllostomus hastatus,0.977,0.037,0,**0.022**,0
GGTACTGGGGTTATAGCTGGAGGACCTGTTCGTGCCGTATTAGAATTAGCAGGTATTTCT,*(P) Bacillota; (G) Gemella*,Phyllostomus hastatus,0.945,0.037,0,**0.014**,0
TACCAAGTACCAGTAGAAGTACGTCCAGAAAGAAGAACTACATTAGGATTACGTTGGTTA,*(P) Bacillota; (G) Staphylococcus*,Phyllostomus hastatus,0.945,0.037,0,**0.014**,0
AGAGGTGTGTGTACTCGTGTTGGGACTATGACACCTAAAAAACCTAACTCAGCTTTACGT,*(P) Bacillota; (G) Gemella*,Phyllostomus hastatus,0.822,0.037,0,**0.014**,0
ATCCCTCTTCCAACTGAACGTAGCCTCTACACAATCATTCGTGCGACTCACAAATATAAA,*(P) Bacillota; (G) Streptococcus*,Phyllostomus hastatus,0.945,0.037,0,**0.014**,0
CGAGCCCGCAAGGGTGATTTCCGTCGTCTGTGGATTCAGCGCATCAACGCCGCCGCTCGC,*(P) Actinomycetota; (G) Actinomyces*,Phyllostomus hastatus,0.945,0.037,0,**0.014**,0
AACTCAATAGTAACAATTACAGATGAGCATGGTAACGCAGTATCATGGTCAAGTGCAGGA,*(P) Bacillota; (G) Gemella*,Phyllostomus hastatus,0.822,0.037,0,**0.014**,0
GAGCACAACGCAATTGCAGAAGCTAAAAAATTAGGAATTCCAGTAGTAGGTATTGTAGAT,*(P) Bacillota; (G) Gemella*,Phyllostomus hastatus,0.918,0.037,0,**0.011**,0
GATAAACAACTCATTGGTCAAGTTGCTGCAGATATTCGTGCTTATCGTCGTCCTGAGCCT,*(P) Pseudomonadota; (F) Pasteurellaceae*,Phyllostomus hastatus,0.918,0.037,0,**0.011**,0
ATCAACACGATTCAAGAGTTGACTAACAAATCAGAAGCAGAAATGATTAAAGTACGTAAC,*(P) Bacillota; (G) Abiotrophia*,Phyllostomus hastatus,0.918,0.037,0,**0.011**,0
GAATTAAAACCAGGAAAAGGCGGACAATTAATCCGTTCAGCTGGTACAAGTGCTCAAGTG,*(P) Bacillota; (G) Abiotrophia*,Phyllostomus hastatus,1,0.037,0,**0.008**,0
TATGTAATTATTGATACAGCCGGAAGATTACATATAGATGAAGTGCTTATGGACGAGTTA,*(P) Bacillota; (G) Gemella*,Phyllostomus hastatus,1,0.037,0,**0.008**,0
ATGAAAGAAAGAGTAGAACAAGCGATAGAAGAAGGTTTCTCAGGAGTTGTTATTACGCAT,*(P) Thermoproteota; (G) HRBIN02*,Phyllostomus hastatus,1,0.037,0,**0.008**,0
ATGTACGAATTCCTGGACCGTCTGATCACCGTGGCCCTGCCGCGCGTGCGCGACTTCCGG,*(P) Pseudomonadota; (S) Lautropia dentalis*,Phyllostomus hastatus,1,0.037,0,**0.008**,0
AACTCAATAGTAACAATTACAGATGAGCATGGTAATGCAGTATCATGGTCAAGTGCAGGC,*(P) Bacillota; (G) Gemella*,Phyllostomus hastatus,1,0.037,0,**0.008**,0
