MAG,completeness,contamination,length,N50,domain,phylum,class,order,family,genus,species
MAG_1,95.49,4.17,4028612,64106,Bacteria,Actinomycetota,Actinomycetia,Mycobacteriales,Mycobacteriaceae,Gordonia,
MAG_2,91.61,3.63,3986548,18563,Bacteria,Actinomycetota,Actinomycetia,Propionibacteriales,Propionibacteriaceae,Avipropionibacterium,
MAG_3,52.34,1.33,3705834,4126,Bacteria,Pseudomonadota,Gammaproteobacteria,Pseudomonadales,Pseudomonadaceae,Pseudomonas,Pseudomonas aeruginosa
MAG_4,51.95,7.42,3487462,3890,Bacteria,Actinomycetota,Actinomycetia,Propionibacteriales,Propionibacteriaceae,Microlunatus_A,
MAG_5,99.66,6.18,3466639,21464,Bacteria,Actinomycetota,Actinomycetia,Actinomycetales,Dermatophilaceae,Janibacter,
MAG_6,99.28,1.32,3462832,38326,Bacteria,Actinomycetota,Actinomycetia,Mycobacteriales,Jatrophihabitantaceae,FW021-bin43,
MAG_7,87.92,6.01,3429147,9720,Bacteria,Actinomycetota,Actinomycetia,Actinomycetales,Dermatophilaceae,Flexivirga,
MAG_8,98.71,1.79,3351749,45175,Bacteria,Actinomycetota,Actinomycetia,Mycobacteriales,Micromonosporaceae,Stackebrandtia,
MAG_9,92.76,9.51,3284141,51390,Bacteria,Actinomycetota,Actinomycetia,Mycobacteriales,Mycobacteriaceae,Corynebacterium,
MAG_10,53.51,5.13,3203787,10854,Bacteria,Actinomycetota,Actinomycetia,Propionibacteriales,Nocardioidaceae,Nocardioides,
MAG_11,96.48,3.29,3119497,34208,Bacteria,Actinomycetota,Actinomycetia,Propionibacteriales,Propionibacteriaceae,,
MAG_12,84.33,7.66,3044864,17473,Bacteria,Actinomycetota,Actinomycetia,Mycobacteriales,Mycobacteriaceae,Dietzia,
MAG_13,81.41,7.66,2954312,10351,Bacteria,Actinomycetota,Actinomycetia,Actinomycetales,Dermabacteraceae,Brachybacterium,
MAG_14,86.23,1.13,2940099,70201,Bacteria,Actinomycetota,Actinomycetia,Actinomycetales,Beutenbergiaceae,Ruania,
MAG_15,88.14,5.75,2934383,9298,Bacteria,Bacillota,Bacilli,Staphylococcales,Staphylococcaceae,Mammaliicoccus,Mammaliicoccus sciuri
MAG_16,100,6.34,7137399,52142,Archaea,Thermoproteota,JANJXX01,,,,
MAG_17,100,0.6,2896431,131783,Bacteria,Bacillota,Bacilli,Staphylococcales,Staphylococcaceae,Staphylococcus,Staphylococcus nepalensis
MAG_18,69.15,3.95,2799912,7425,Bacteria,Actinomycetota,Actinomycetia,Mycobacteriales,Mycobacteriaceae,Corynebacterium,
MAG_19,72.7,2.67,2791979,6911,Bacteria,Bacteroidota,Bacteroidia,Flavobacteriales,Flavobacteriaceae,JAJYSO01,
MAG_20,95.73,3.98,2721762,21655,Bacteria,Actinomycetota,Actinomycetia,Propionibacteriales,Nocardioidaceae,,
MAG_21,100,0.02,2694777,50003,Bacteria,Actinomycetota,Actinomycetia,Propionibacteriales,Nocardioidaceae,,
MAG_22,99.09,6.3,2639553,20410,Bacteria,Bacillota,Bacilli,Staphylococcales,Staphylococcaceae,Staphylococcus,Staphylococcus kloosii
MAG_23,65.9,3.49,2516648,45944,Bacteria,Actinomycetota,Actinomycetia,Mycobacteriales,Mycobacteriaceae,Gordonia,
MAG_24,93,1.17,2515423,70385,Bacteria,Actinomycetota,Thermoleophilia,Miltoncostaeales,,,
MAG_25,82.82,3.33,6038281,18319,Bacteria,Actinomycetota,Actinomycetia,Streptosporangiales,Streptosporangiaceae,,
MAG_26,58.19,1.75,2481931,5248,Bacteria,Actinomycetota,Actinomycetia,Propionibacteriales,Propionibacteriaceae,Microlunatus_A,
MAG_27,54.01,6.59,2394008,6677,Bacteria,Actinomycetota,Actinomycetia,Actinomycetales,Brevibacteriaceae,Brevibacterium,
MAG_28,89.78,0.25,2388615,9036,Bacteria,Bacteroidota,Bacteroidia,Flavobacteriales,Flavobacteriaceae,JAJYSO01,
MAG_29,91,6.28,2387764,23635,Bacteria,Actinomycetota,Actinomycetia,Mycobacteriales,Mycobacteriaceae,Tomitella,
MAG_30,94.95,0.76,2359959,44342,Bacteria,Bacillota,Bacilli,Staphylococcales,Staphylococcaceae,Staphylococcus,
MAG_31,99.97,1.29,2307904,42917,Bacteria,Actinomycetota,Actinomycetia,Mycobacteriales,Mycobacteriaceae,Corynebacterium,
MAG_32,77.54,0.92,2271123,14621,Bacteria,Actinomycetota,Actinomycetia,Mycobacteriales,Mycobacteriaceae,Corynebacterium,
MAG_33,70.75,0.92,2238107,77161,Bacteria,Actinomycetota,Actinomycetia,Mycobacteriales,Mycobacteriaceae,Corynebacterium,Corynebacterium avicola
MAG_34,95.6,0.56,2233416,40885,Bacteria,Actinomycetota,Actinomycetia,Actinomycetales,Microbacteriaceae,Canibacter,
MAG_35,99.84,0.09,2215464,40196,Bacteria,Bacillota,Bacilli,Lactobacillales,Streptococcaceae,Streptococcus,
MAG_36,66.54,3.74,2179423,9035,Bacteria,Actinomycetota,Actinomycetia,Actinomycetales,Microbacteriaceae,Microbacterium_A,
MAG_37,88.09,0.81,2103116,13066,Bacteria,Actinomycetota,Actinomycetia,Actinomycetales,Actinomycetaceae,Peptidiphaga,
MAG_38,91.53,0.04,1976538,24682,Bacteria,Actinomycetota,Actinomycetia,Actinomycetales,Beutenbergiaceae,HY158,
MAG_39,100,0.08,1904649,77091,Bacteria,Bacillota,Bacilli,Lactobacillales,Aerococcaceae,Abiotrophia,
MAG_40,64.32,5.68,1864545,4490,Bacteria,Bacillota,Bacilli,Bacillales_D,Amphibacillaceae,Pseudogracilibacillus,
MAG_41,62.75,0.01,1777334,53942,Bacteria,Actinomycetota,Actinomycetia,Mycobacteriales,Mycobacteriaceae,Corynebacterium,
MAG_42,99.63,8.89,4880781,23392,Bacteria,Actinomycetota,Actinomycetia,Propionibacteriales,Propionibacteriaceae,Microlunatus_A,
MAG_43,51.61,9.02,1541091,8341,Bacteria,Bacillota,Bacilli,Staphylococcales,Staphylococcaceae,Staphylococcus,Staphylococcus lloydii
MAG_44,91.04,3.06,4779712,15114,Bacteria,Actinomycetota,Actinomycetia,Mycobacteriales,Micromonosporaceae,Stackebrandtia,
MAG_45,75.75,1.44,1381734,21288,Bacteria,Bacillota,Bacilli,Staphylococcales,Salinicoccaceae,Nosocomiicoccus,
MAG_46,100,1.12,4711761,91934,Bacteria,Actinomycetota,Actinomycetia,Mycobacteriales,Micromonosporaceae,Stackebrandtia,
MAG_47,74.3,5.23,873313,4836,Bacteria,Pseudomonadota,Alphaproteobacteria,Rhizobiales,Rhizobiaceae,,
MAG_48,83.3,0.32,4321829,58635,Bacteria,Actinomycetota,Actinomycetia,Mycobacteriales,Nakamurellaceae,Nakamurella,
MAG_49,83.9,0.04,749451,377271,Bacteria,Bacillota,Bacilli,Mycoplasmatales,Mycoplasmoidaceae,Malacoplasma,
MAG_50,100,5.71,5264272,116435,Bacteria,Bacillota,Bacilli,Lactobacillales,Enterococcaceae,Enterococcus_A,Enterococcus_A sp017377655
MAG_51,82.98,0.7,4194404,91525,Bacteria,Actinomycetota,Actinomycetia,Propionibacteriales,Propionibacteriaceae,Friedmanniella_A,
MAG_52,99.97,0.44,3828219,118252,Bacteria,Pseudomonadota,Alphaproteobacteria,Rhizobiales,Rhizobiaceae,HY038,
MAG_53,99.75,5,3821549,235354,Bacteria,Bacillota,Bacilli,Lactobacillales,Enterococcaceae,Enterococcus_A,Enterococcus_A alishanensis
MAG_54,99.11,0.38,3661194,142318,Bacteria,Bacillota,Bacilli,Lactobacillales,Enterococcaceae,Enterococcus,Enterococcus sp002148425
MAG_55,96.09,0.62,3549155,122243,Bacteria,Bacillota,Bacilli,Lactobacillales,Enterococcaceae,Enterococcus,Enterococcus sp002174455
MAG_56,99.8,1.57,1971793,24927,Bacteria,Actinomycetota,Actinomycetia,Mycobacteriales,Mycobacteriaceae,Corynebacterium,
MAG_57,100,5.2,1788150,236876,Archaea,Thermoproteota,JANJXX01,,,,
MAG_58,61.55,2.49,1186956,8643,Bacteria,Bacillota,Bacilli,Lactobacillales,Streptococcaceae,Streptococcus,
MAG_59,57.72,2.43,1135463,11859,Bacteria,Bacillota,Bacilli,Lactobacillales,Lactobacillaceae,Lentilactobacillus,
MAG_60,81.59,0.04,1134746,9383,Bacteria,Campylobacterota,Campylobacteria,Campylobacterales,Helicobacteraceae,Helicobacter_H,
MAG_61,67.39,1.85,1084493,10781,Bacteria,Bacillota,Bacilli,Lactobacillales,Streptococcaceae,Streptococcus,
MAG_62,53.78,0.49,857327,6871,Bacteria,Bacillota,Bacilli,Lactobacillales,Lactobacillaceae,,
MAG_63,99.19,0.51,2293158,130147,Bacteria,Bacillota,Bacilli,Lactobacillales,,,
MAG_64,99.92,0.31,2221499,60673,Bacteria,Actinomycetota,Actinomycetia,Actinomycetales,Microbacteriaceae,Microbacterium,
MAG_65,55.92,2.26,2147847,26941,Bacteria,Actinomycetota,Actinomycetia,Propionibacteriales,Propionibacteriaceae,Naumannella,
MAG_66,58.15,0.9,2141784,5002,Bacteria,Acidobacteriota,Blastocatellia,Pyrinomonadales,Pyrinomonadaceae,JAIBCC01,
MAG_67,96.61,0.01,2084233,101427,Bacteria,Actinomycetota,Actinomycetia,Mycobacteriales,Mycobacteriaceae,Corynebacterium,
MAG_68,63.7,0.06,2083352,64390,Bacteria,Actinomycetota,Actinomycetia,Propionibacteriales,Propionibacteriaceae,Naumannella,
MAG_69,92.7,0.07,2078051,27669,Bacteria,Actinomycetota,Actinomycetia,Propionibacteriales,Nocardioidaceae,Aeromicrobium,
MAG_70,96.27,0.28,2043713,63026,Bacteria,Bacillota,Bacilli,Lactobacillales,Lactobacillaceae,Weissella,Weissella muntiaci
MAG_71,92.15,0.36,1972012,268875,Bacteria,Bacillota,Bacilli,Erysipelotrichales,Erysipelotrichaceae,Breznakia,
MAG_72,50.12,7.15,1928480,21579,Bacteria,Actinomycetota,Actinomycetia,Actinomycetales,Dermatophilaceae,,
MAG_73,51.93,6.96,1894812,10167,Bacteria,Actinomycetota,Actinomycetia,Actinomycetales,Dermatophilaceae,,
MAG_74,100,0.02,1885689,24191,Bacteria,Bacteroidota,Bacteroidia,Bacteroidales,Dysgonomonadaceae,,
MAG_75,100,1.4,1846981,227104,Bacteria,Bacillota_A,Clostridia,Oscillospirales,Ruminococcaceae,,
MAG_76,81.17,0.08,1506157,44087,Bacteria,Bacillota,Bacilli,Lactobacillales,Lactobacillaceae,Paucilactobacillus,
MAG_77,99.73,3.75,1502474,18606,Bacteria,Bacillota,Bacilli,Staphylococcales,Gemellaceae,Gemella,
MAG_78,73.81,0.53,1383333,34952,Bacteria,Bacillota_B,TC1,TC1,TC1,,
MAG_79,92.24,0,1367687,894840,Bacteria,Bacillota,Bacilli,Lactobacillales,Lactobacillaceae,Companilactobacillus,
MAG_80,84.66,3.73,5129720,17241,Bacteria,Actinomycetota,Thermoleophilia,Solirubrobacterales,Solirubrobacteraceae,,
MAG_81,77.91,5.18,1311323,10686,Bacteria,Bacillota,Bacilli,Lactobacillales,Streptococcaceae,Streptococcus,
MAG_82,82.75,1.34,1089552,14218,Bacteria,Bacillota,Bacilli,Staphylococcales,Gemellaceae,Gemella,
MAG_83,95.49,0.17,1070156,294501,Bacteria,Chlamydiota,Chlamydiia,Chlamydiales,Chlamydiaceae,,
MAG_84,86.8,0.86,632224,22162,Bacteria,Patescibacteria,Saccharimonadia,Saccharimonadales,Nanosynbacteraceae,,
MAG_85,94.2,1.84,4781662,177306,Bacteria,Bacillota_A,Clostridia,Lachnospirales,Lachnospiraceae,,
MAG_86,99.93,2.95,4486304,169204,Bacteria,Bacillota,Bacilli,Lactobacillales,Enterococcaceae,Enterococcus_A,Enterococcus_A malodoratus
MAG_87,57.86,0.19,120120,61687,Bacteria,DRYD01,DRYD01,,,,
MAG_88,98.19,3.26,4415361,49265,Bacteria,Actinomycetota,Actinomycetia,Mycobacteriales,Mycobacteriaceae,Tsukamurella,
MAG_89,66.69,0.75,4255483,21128,Bacteria,Actinomycetota,Actinomycetia,Mycobacteriales,Pseudonocardiaceae,Pseudonocardia,Pseudonocardia alni
MAG_90,99.83,1.2,4236266,34449,Bacteria,Actinomycetota,Actinomycetia,Mycobacteriales,Mycobacteriaceae,Gordonia,
MAG_91,98.91,0.11,4170943,151916,Bacteria,Actinomycetota,Actinomycetia,Actinomycetales,Dermatophilaceae,Demetria,
MAG_92,99.75,7.4,3927034,77366,Bacteria,Actinomycetota,Actinomycetia,Mycobacteriales,Mycobacteriaceae,Rhodococcus,
MAG_93,93.09,4.01,3921240,39857,Bacteria,Actinomycetota,Actinomycetia,Propionibacteriales,Nocardioidaceae,JACCZT01,
MAG_94,99.7,1.24,3736754,243124,Bacteria,Actinomycetota,Actinomycetia,Propionibacteriales,Propionibacteriaceae,Avipropionibacterium,
MAG_95,94.79,4.46,3687320,56822,Bacteria,Actinomycetota,Actinomycetia,Mycobacteriales,Geodermatophilaceae,JACCQS01,
MAG_96,81.3,4.09,3589454,72059,Bacteria,Pseudomonadota,Gammaproteobacteria,Enterobacterales,Enterobacteriaceae,Morganella,Morganella morganii
MAG_97,98.87,0.05,3544515,338290,Bacteria,Bacteroidota,Bacteroidia,Bacteroidales,Dysgonomonadaceae,Dysgonomonas,
MAG_98,89.48,0.32,3542291,11540,Bacteria,Pseudomonadota,Alphaproteobacteria,Rhizobiales,Beijerinckiaceae,Methylobacterium,
MAG_99,97.55,0.93,3517646,81458,Bacteria,Actinomycetota,Acidimicrobiia,Acidimicrobiales,JAAYBP01,Iamia,
MAG_100,96.81,0.79,3488320,65104,Bacteria,Actinomycetota,Acidimicrobiia,Acidimicrobiales,JAAYBP01,Iamia,
MAG_101,99.53,6.75,8265456,33616,Archaea,Thermoproteota,JANJXX01,,,,
MAG_102,100,4.93,3444089,25051,Bacteria,Actinomycetota,Actinomycetia,Propionibacteriales,Nocardioidaceae,Nocardioides,
MAG_103,90.03,4.41,3386444,29500,Bacteria,Actinomycetota,Thermoleophilia,Solirubrobacterales,Solirubrobacteraceae,,
MAG_104,91.41,5.1,3385872,31763,Bacteria,Actinomycetota,Actinomycetia,Propionibacteriales,Nocardioidaceae,Nocardioides,
MAG_105,78.2,4.96,3377819,12152,Bacteria,Actinomycetota,Actinomycetia,Actinomycetales,Dermatophilaceae,Flexivirga,
MAG_106,92.56,4.33,3374639,27034,Bacteria,Actinomycetota,Acidimicrobiia,Acidimicrobiales,Ilumatobacteraceae,Desertimonas,
MAG_107,99.44,0.17,3360970,32096,Bacteria,Deinococcota,Deinococci,Deinococcales,Trueperaceae,Truepera,
MAG_108,99.71,3.44,3356254,54765,Bacteria,Actinomycetota,Actinomycetia,Actinomycetales,Brevibacteriaceae,Brevibacterium,
MAG_109,93.96,0.66,3328569,48347,Bacteria,Actinomycetota,Actinomycetia,Actinomycetales,Brevibacteriaceae,Sediminivirga,
MAG_110,98.58,1.88,3301743,52434,Bacteria,Actinomycetota,Actinomycetia,Propionibacteriales,Propionibacteriaceae,Avipropionibacterium,
MAG_111,95.45,2.29,3298894,95895,Bacteria,Actinomycetota,Thermoleophilia,Solirubrobacterales,Solirubrobacteraceae,,
MAG_112,90.01,5.56,3297229,46538,Bacteria,Actinomycetota,Actinomycetia,Propionibacteriales,Propionibacteriaceae,Naumannella,
MAG_113,93.58,2.51,3274852,29780,Bacteria,Actinomycetota,Acidimicrobiia,Acidimicrobiales,Ilumatobacteraceae,JACCUL01,
MAG_114,98.97,0.21,3255213,145013,Bacteria,Pseudomonadota,Alphaproteobacteria,Rhizobiales,Rhizobiaceae,HY038,HY038 sp014117425
MAG_115,90.78,0,3176153,112884,Bacteria,Actinomycetota,Actinomycetia,Mycobacteriales,Nakamurellaceae,Nakamurella,
MAG_116,98.06,1.23,3167634,74340,Bacteria,Actinomycetota,Actinomycetia,Actinomycetales,Dermatophilaceae,,
MAG_117,97.07,5.09,3132113,36753,Bacteria,Actinomycetota,Acidimicrobiia,Acidimicrobiales,JAAYBP01,JAGQSN01,
MAG_118,90.6,0.08,3131325,51470,Bacteria,Actinomycetota,Actinomycetia,Propionibacteriales,Nocardioidaceae,Nocardioides,
MAG_119,93.89,1.45,3062990,24572,Bacteria,Actinomycetota,Actinomycetia,Mycobacteriales,Mycobacteriaceae,Gordonia,
MAG_120,59.48,6.13,3039509,26580,Bacteria,Pseudomonadota,Gammaproteobacteria,Enterobacterales,Enterobacteriaceae,Enterobacter,Enterobacter hormaechei_A
MAG_121,92.7,1.77,3037049,66439,Bacteria,Actinomycetota,Actinomycetia,Actinomycetales,Brevibacteriaceae,Brevibacterium,
MAG_122,89.81,0,3034960,57455,Bacteria,Actinomycetota,Actinomycetia,Mycobacteriales,Mycobacteriaceae,Gordonia,
MAG_123,51.76,0,3000906,82890,Bacteria,Pseudomonadota,Gammaproteobacteria,Pseudomonadales,Pseudomonadaceae,Pseudomonas,Pseudomonas citronellolis
MAG_124,85.75,2.23,6457044,213475,Bacteria,Actinomycetota,Actinomycetia,Streptomycetales,Streptomycetaceae,Streptomyces,
MAG_125,99.91,1.24,2999135,92341,Bacteria,Actinomycetota,Actinomycetia,Mycobacteriales,Mycobacteriaceae,Corynebacterium,
MAG_126,93.13,4.74,2971668,60315,Bacteria,Actinomycetota,Actinomycetia,Propionibacteriales,Nocardioidaceae,Nocardioides,
MAG_127,98.88,4.09,2869202,56542,Bacteria,Actinomycetota,Actinomycetia,Propionibacteriales,Propionibacteriaceae,Propionicicella,
MAG_128,99.97,1.31,2868640,54306,Bacteria,Actinomycetota,Actinomycetia,Propionibacteriales,Nocardioidaceae,Aeromicrobium,
MAG_129,60.14,5.79,2791798,7274,Bacteria,Pseudomonadota,Alphaproteobacteria,Rhizobiales,Rhizobiaceae,Aliihoeflea,
MAG_130,97.7,0.75,2771523,67738,Bacteria,Actinomycetota,Actinomycetia,Actinomycetales,Dermatophilaceae,Knoellia,
MAG_131,99.58,3.02,2684127,108356,Bacteria,Actinomycetota,Actinomycetia,Actinomycetales,Actinomycetaceae,KH17,
MAG_132,61.26,3.26,2679759,12941,Bacteria,Pseudomonadota,Gammaproteobacteria,Enterobacterales,Enterobacteriaceae,Scandinavium,
MAG_133,70.57,0.01,2671881,32654,Bacteria,Actinomycetota,Actinomycetia,Propionibacteriales,Nocardioidaceae,Nocardioides,
MAG_134,94.13,2.27,2649640,242445,Bacteria,Actinomycetota,Actinomycetia,Actinomycetales,Microbacteriaceae,,
MAG_135,99.96,0.9,2644808,156761,Bacteria,Actinomycetota,Actinomycetia,Propionibacteriales,Nocardioidaceae,Aeromicrobium,
MAG_136,98.87,1.6,2640928,65348,Bacteria,Actinomycetota,Actinomycetia,Propionibacteriales,Propionibacteriaceae,Arachnia,
MAG_137,100,0.52,2605883,129330,Bacteria,Actinomycetota,Actinomycetia,Mycobacteriales,Mycobacteriaceae,Rhodococcus,
MAG_138,67.25,0.82,2558761,133563,Bacteria,Actinomycetota,Actinomycetia,Actinomycetales,Dermatophilaceae,,
MAG_139,84.47,0,2535806,101671,Bacteria,Actinomycetota,Actinomycetia,Propionibacteriales,Nocardioidaceae,Nocardioides,
MAG_140,66.09,0.02,2458979,42743,Bacteria,Chloroflexota,Chloroflexia,Thermomicrobiales,UBA6265,UBA6265,
MAG_141,64.12,0.43,2434682,89823,Bacteria,Actinomycetota,Actinomycetia,Propionibacteriales,Propionibacteriaceae,,
MAG_142,99.24,0.01,2326905,110097,Bacteria,Bacillota_A,Clostridia,Peptostreptococcales,Peptostreptococcaceae,Clostridioides_A,
MAG_143,95.97,6.94,2312647,13065,Bacteria,Pseudomonadota,Gammaproteobacteria,Xanthomonadales,Xanthomonadaceae,Luteimonas_D,
MAG_144,65.93,8.08,2265238,11553,Bacteria,Actinomycetota,Acidimicrobiia,Acidimicrobiales,JAAYBP01,JAGQSN01,
MAG_145,98.93,0.33,2243663,58759,Bacteria,Actinomycetota,Actinomycetia,Actinomycetales,Microbacteriaceae,Microbacterium,
MAG_146,83.88,0.01,2163907,74629,Bacteria,Actinomycetota,Actinomycetia,Actinomycetales,Microbacteriaceae,Agrococcus,
MAG_147,99.2,0.73,2069743,40753,Bacteria,Actinomycetota,Actinomycetia,Actinomycetales,Actinomycetaceae,KH17,
MAG_148,54.85,0.05,1965075,10022,Bacteria,Pseudomonadota,Alphaproteobacteria,Rhizobiales,Devosiaceae,Pelagibacterium,
MAG_149,91.71,0.52,4435104,44454,Bacteria,Actinomycetota,Actinomycetia,Mycobacteriales,Mycobacteriaceae,Gordonia,
MAG_150,85.43,7.78,4291077,33220,Bacteria,Pseudomonadota,Gammaproteobacteria,Enterobacterales,Enterobacteriaceae,Enterobacter,
MAG_151,80.8,3.81,4135033,76644,Bacteria,Pseudomonadota,Gammaproteobacteria,Enterobacterales,Enterobacteriaceae,Kluyvera,Kluyvera ascorbata
MAG_152,97.03,3.76,3800204,35204,Bacteria,Actinomycetota,Actinomycetia,Mycobacteriales,Geodermatophilaceae,JACCQS01,
MAG_153,79.96,3.43,3721978,208763,Bacteria,Pseudomonadota,Gammaproteobacteria,Enterobacterales,Enterobacteriaceae,Serratia,Serratia marcescens_K
MAG_154,89.91,2.57,3570526,29032,Bacteria,Actinomycetota,Actinomycetia,Mycobacteriales,Antricoccaceae,Epidermidibacterium,
MAG_155,92.23,8.74,3456389,29249,Bacteria,Actinomycetota,Actinomycetia,Propionibacteriales,Nocardioidaceae,Nocardioides,
MAG_156,96.61,1.12,3262819,56774,Bacteria,Actinomycetota,Actinomycetia,Actinomycetales,Beutenbergiaceae,Pseudactinotalea,
MAG_157,96.54,0.31,3206397,75921,Bacteria,Pseudomonadota,Alphaproteobacteria,Acetobacterales,Acetobacteraceae,Asaia,Asaia siamensis
MAG_158,96.11,4.49,3203861,53833,Bacteria,Actinomycetota,Actinomycetia,Propionibacteriales,Nocardioidaceae,Aeromicrobium,
MAG_159,75.44,2.38,3186295,18795,Bacteria,Actinomycetota,Actinomycetia,Mycobacteriales,Mycobacteriaceae,Tsukamurella,
MAG_160,89.12,1.63,3133656,26086,Bacteria,Actinomycetota,Actinomycetia,Actinomycetales,Dermatophilaceae,Demetria,
MAG_161,84.73,2.43,6903619,14336,Bacteria,Actinomycetota,Actinomycetia,Streptomycetales,Streptomycetaceae,Streptomyces,
MAG_162,98.82,2.75,3054839,105617,Bacteria,Actinomycetota,Acidimicrobiia,Acidimicrobiales,JAAYBP01,JAGQSN01,
MAG_163,98.09,0.72,2923468,48489,Bacteria,Actinomycetota,Actinomycetia,Actinomycetales,Actinomycetaceae,KH17,
MAG_164,72.43,1.04,2899679,20874,Bacteria,Actinomycetota,Actinomycetia,Propionibacteriales,Nocardioidaceae,Nocardioides,
MAG_165,90.91,2.47,2861349,21531,Bacteria,Pseudomonadota,Gammaproteobacteria,Xanthomonadales,Xanthomonadaceae,JAKPBU01,
MAG_166,89.26,5.1,2717755,16260,Bacteria,Pseudomonadota,Gammaproteobacteria,Xanthomonadales,Xanthomonadaceae,Luteimonas_D,
MAG_167,95.75,0.1,2675882,46724,Bacteria,Actinomycetota,Actinomycetia,Propionibacteriales,Nocardioidaceae,Aeromicrobium,
MAG_168,74.56,7.27,2607983,22988,Bacteria,Actinomycetota,Actinomycetia,Actinomycetales,Dermatophilaceae,Janibacter,
MAG_169,99.99,4.45,5874195,291815,Bacteria,Bacillota_A,Clostridia,Lachnospirales,Lachnospiraceae,Lacrimispora,Lacrimispora sp902363835
MAG_170,100,4.31,2436451,101327,Bacteria,Actinomycetota,Actinomycetia,Propionibacteriales,Propionibacteriaceae,,
MAG_171,92.81,2.01,2410133,22452,Bacteria,Bacillota,Bacilli,Staphylococcales,Staphylococcaceae,Staphylococcus,
MAG_172,93.23,8.24,3297617,17704,Bacteria,Bacillota,Bacilli,Lactobacillales,Enterococcaceae,,
MAG_173,83.79,2.66,3274665,30992,Bacteria,Bacillota_A,Clostridia,Oscillospirales,Ruminococcaceae,JAAYCI01,
MAG_174,95.34,1.33,3216425,28769,Bacteria,Bacillota_A,Clostridia,Clostridiales,Clostridiaceae,WQUF01,
MAG_175,99.9,2.25,3166756,49232,Bacteria,Actinomycetota,Actinomycetia,Actinomycetales,Actinomycetaceae,Actinomyces,
MAG_176,86.67,6.27,3027558,45926,Bacteria,Bacillota,Bacilli,Lactobacillales,Enterococcaceae,,
MAG_177,99.98,0.17,2918735,64253,Bacteria,Desulfobacterota,Desulfobulbia,Desulfobulbales,Desulfobulbaceae,Desulfobulbus,
MAG_178,93.05,0.05,2899514,61917,Bacteria,Desulfobacterota,Desulfovibrionia,Desulfovibrionales,Desulfovibrionaceae,Frigididesulfovibrio,
MAG_179,94.99,4.58,2898908,20272,Bacteria,Bacillota_A,Clostridia,Oscillospirales,Ruminococcaceae,JAAYCI01,
MAG_180,95.02,1.39,2786290,19800,Bacteria,Actinomycetota,Actinomycetia,Actinomycetales,Actinomycetaceae,Actinomyces,
MAG_181,90.94,0.57,2749798,90189,Bacteria,Bacillota,Bacilli,Lactobacillales,Enterococcaceae,,
MAG_182,93.31,0.99,2685074,261211,Bacteria,Bacillota,Bacilli,Lactobacillales,Enterococcaceae,Enterococcus,Enterococcus faecalis
MAG_183,96.81,1.96,2607348,43535,Bacteria,Bacillota_A,Clostridia,Christensenellales,Christensenellaceae,,
MAG_184,99.89,0.74,2579419,47809,Bacteria,Bacillota_A,Clostridia,Oscillospirales,Acutalibacteraceae,UBA7067,
MAG_185,97.15,0,2341359,50834,Bacteria,Bacillota_A,Clostridia,Christensenellales,Christensenellaceae,,
MAG_186,67.09,4.52,2329341,35027,Bacteria,Desulfobacterota,Desulfovibrionia,Desulfovibrionales,Desulfovibrionaceae,Frigididesulfovibrio,
MAG_187,92.63,1.25,4299852,64366,Bacteria,Planctomycetota,Planctomycetia,Pirellulales,Thermoguttaceae,,
MAG_188,98.38,0.64,2327167,22921,Bacteria,Pseudomonadota,Gammaproteobacteria,Burkholderiales,Rhodocyclaceae,,
MAG_189,65.43,2.01,2257167,6591,Bacteria,Desulfobacterota,Desulfarculia,Adiutricales,Adiutricaceae,Adiutrix,
MAG_190,88.63,0.57,2199300,17169,Bacteria,Desulfobacterota,Desulfovibrionia,Desulfovibrionales,Desulfovibrionaceae,Frigididesulfovibrio,
MAG_191,93.13,0.67,2190928,18265,Bacteria,Desulfobacterota,Desulfobacteria,Desulfobacterales,Desulforegulaceae,Desulfobotulus,
MAG_192,99.69,0,2125552,89566,Bacteria,Pseudomonadota,Gammaproteobacteria,Enterobacterales_A,Pasteurellaceae,Aggregatibacter,
MAG_193,79.64,0.84,2068828,5000,Bacteria,Actinomycetota,Actinomycetia,Mycobacteriales,Mycobacteriaceae,Tomitella,
MAG_194,83.12,0.57,1886887,42764,Bacteria,Pseudomonadota,Gammaproteobacteria,Burkholderiales,Burkholderiaceae,Oxalobacter,
MAG_195,95.8,1.06,1731308,153205,Bacteria,Bacillota_A,Clostridia,Christensenellales,MGBC116941,,
MAG_196,100,0.28,1662862,237050,Bacteria,Pseudomonadota,Gammaproteobacteria,Enterobacterales_A,Pasteurellaceae,Aggregatibacter,
MAG_197,92.42,3.91,3613639,46259,Bacteria,Bacillota_A,Clostridia,Christensenellales,CAG-74,Avichristensenella,
MAG_198,58.91,3.48,1574760,8181,Bacteria,Bacillota_A,Clostridia,Peptostreptococcales,Peptostreptococcaceae,Romboutsia_A,
MAG_199,54.31,4.36,1511767,5166,Bacteria,Bacillota_A,Clostridia,Lachnospirales,Lachnospiraceae,Dorea_C,
MAG_200,88.57,5.92,1495529,22380,Bacteria,Bacillota,Bacilli,Lactobacillales,Streptococcaceae,Streptococcus,
MAG_201,86.78,1.09,1489866,32638,Bacteria,Bacillota,Bacilli,Lactobacillales,Lactobacillaceae,,
MAG_202,80.21,0.44,1467209,7227,Bacteria,Actinomycetota,Actinomycetia,Propionibacteriales,Propionibacteriaceae,WRGV01,
MAG_203,51.49,1.25,1418435,6252,Bacteria,Synergistota,Synergistia,Synergistales,Synergistaceae,,
MAG_204,94.46,3.86,3582720,32150,Bacteria,Desulfobacterota,Desulfovibrionia,Desulfovibrionales,Desulfovibrionaceae,Frigididesulfovibrio,
MAG_205,56.47,1.13,1000381,5270,Bacteria,Bacillota_A,Clostridia,Christensenellales,MGBC116941,,
MAG_206,99,2.4,3474957,62613,Bacteria,Desulfobacterota,Desulfarculia,Adiutricales,Adiutricaceae,Adiutrix,
MAG_207,96.8,0.99,3456390,63125,Bacteria,Desulfobacterota,Desulfovibrionia,Desulfovibrionales,Desulfovibrionaceae,Frigididesulfovibrio,
MAG_208,94.28,2.17,3408937,58091,Bacteria,Desulfobacterota,Desulfovibrionia,Desulfovibrionales,Desulfovibrionaceae,Frigididesulfovibrio,
MAG_209,98.78,0.47,3310535,388520,Bacteria,Pseudomonadota,Gammaproteobacteria,Burkholderiales,Burkholderiaceae_A,Lautropia,
MAG_210,95.62,6.09,3308504,143460,Bacteria,Bacillota,Bacilli,Lactobacillales,Enterococcaceae,Enterococcus_A,Enterococcus_A devriesei
MAG_211,83.51,1.64,3140187,23710,Bacteria,Bacillota,Bacilli,Lactobacillales,Enterococcaceae,,
MAG_212,76.95,1.98,3065698,16892,Bacteria,Bacillota,Bacilli,Lactobacillales,Enterococcaceae,,
MAG_213,99.99,0.45,4584380,316979,Bacteria,Pseudomonadota,Gammaproteobacteria,Enterobacterales,Enterobacteriaceae,Scandinavium,Scandinavium sp002470465
MAG_214,86.19,8.54,2979223,23466,Bacteria,Bacillota_A,Clostridia,Peptostreptococcales,Peptostreptococcaceae,Romboutsia_A,
MAG_215,99.97,0.01,2885475,222581,Bacteria,Verrucomicrobiota,Verrucomicrobiae,Verrucomicrobiales,Akkermansiaceae,Akkermansia,
MAG_216,99.84,0.15,2852839,130920,Bacteria,Actinomycetota,Actinomycetia,Mycobacteriales,Mycobacteriaceae,Corynebacterium,
MAG_217,99.41,1.56,2779542,49732,Bacteria,Actinomycetota,Actinomycetia,Actinomycetales,Cellulomonadaceae,Cellulomonas,
MAG_218,75.86,3.59,2662685,9708,Bacteria,Desulfobacterota,Desulfovibrionia,Desulfovibrionales,Desulfovibrionaceae,Frigididesulfovibrio,
MAG_219,99.43,3.84,2620758,46350,Bacteria,Bacillota,Bacilli,Lactobacillales,Streptococcaceae,Lactococcus,Lactococcus lactis
MAG_220,74.2,6.35,2595108,4815,Bacteria,Desulfobacterota,Desulfovibrionia,Desulfovibrionales,Desulfovibrionaceae,Frigididesulfovibrio,
MAG_221,73.75,1.35,2557004,7092,Bacteria,Bacillota_A,Clostridia,Eubacteriales,Eubacteriaceae,,
MAG_222,79.72,2.64,2524605,17879,Bacteria,Desulfobacterota,Desulfovibrionia,Desulfovibrionales,Desulfovibrionaceae,Frigididesulfovibrio,
MAG_223,92.81,1.25,2439772,10526,Bacteria,Desulfobacterota,Desulfobacteria,Desulfobacterales,UBA2174_A,,
MAG_224,89.4,5.37,2438869,12502,Bacteria,Bacillota,Bacilli,Lactobacillales,Enterococcaceae,,
MAG_225,76.62,3.85,2408763,10731,Bacteria,Bacillota_A,Clostridia,Eubacteriales,Eubacteriaceae,,
MAG_226,67.65,0.45,2301382,6216,Bacteria,Bacillota_A,Clostridia,Eubacteriales,Eubacteriaceae,,
MAG_227,93.13,1.03,2142890,91420,Bacteria,Bacillota,Bacilli,Lactobacillales,Streptococcaceae,Streptococcus,
MAG_228,90.14,5.25,3685827,67671,Bacteria,Bacillota,Bacilli,Lactobacillales,Enterococcaceae,,
MAG_229,58.92,2.55,2023578,5219,Bacteria,Desulfobacterota,Desulfovibrionia,Desulfovibrionales,Desulfovibrionaceae,Frigididesulfovibrio,
MAG_230,98.54,1.66,1946326,120338,Bacteria,Bacillota,Bacilli,Lactobacillales,Streptococcaceae,Lactococcus,Lactococcus petauri
MAG_231,66.3,1.17,1847460,8982,Bacteria,Actinomycetota,Coriobacteriia,Coriobacteriales,UBA8131,WQXH01,
MAG_232,92.27,7.12,1830688,26139,Archaea,Methanobacteriota,Methanobacteria,Methanobacteriales,Methanobacteriaceae,JAHKLT01,
MAG_233,50.01,3.57,1709710,5937,Bacteria,Bacillota,Bacilli,Lactobacillales,Enterococcaceae,,
MAG_234,93.76,6.94,1700363,20914,Bacteria,Bacillota,Bacilli,Staphylococcales,Gemellaceae,Gemella,
MAG_235,73.7,3.72,1496956,10873,Bacteria,Bacillota,Bacilli,Staphylococcales,Gemellaceae,Gemella,
MAG_236,72.9,0.59,1352116,28958,Archaea,Methanobacteriota,Methanobacteria,Methanobacteriales,Methanobacteriaceae,JAHKLT01,
MAG_237,79.96,2.95,1311695,15822,Bacteria,Bacillota,Bacilli,Staphylococcales,Gemellaceae,Gemella,
MAG_238,77.28,1.27,1309022,14522,Bacteria,Bacillota,Bacilli,Lactobacillales,Streptococcaceae,Streptococcus,
MAG_239,54.67,0.67,1224307,5920,Bacteria,Bacillota_A,Clostridia,Oscillospirales,Ruminococcaceae,JAAYCI01,
